tool,metric,k,pooled,ci_lb,ci_ub,I2,Q,Q_p,tau2
Arriba,precision,19,0.6237940207708332,0.5083975490608276,0.7391904924808389,99.79314419720083,8701.713829839007,0.0,0.06437972840580765
Arriba,sensitivity,20,0.8132710400223934,0.7700173335935194,0.8565247464512673,97.63178016812803,802.2903847140499,7.00784571559467e-158,0.008201632738103735
Arriba,f1,20,0.671328274235812,0.5801966779922424,0.7624598704793816,99.688100838365,6091.712430517745,0.0,0.04203862909399414
ChimPipe,precision,12,0.8159837094050589,0.7743339003808543,0.8576335184292636,97.55269992553691,449.47491788121965,1.862897212570082e-89,0.00382831063164584
ChimPipe,sensitivity,12,0.5602971095686587,0.4604116488734256,0.6601825702638919,97.53365468205534,446.0040497965201,1.0204618697393318e-88,0.02901271785492544
ChimPipe,f1,12,0.6221651787967819,0.5319581433939882,0.7123722141995756,98.2798618668167,639.4835268051024,4.974998767618267e-130,0.0239627553314584
ChimeraScan,precision,10,0.40746194126660407,0.20980518985732666,0.6051186926758815,99.94618507131274,16723.983882432676,0.0,0.1013384521413154
ChimeraScan,sensitivity,12,0.6573205613033856,0.5279546422576878,0.7866864803490833,98.93713652569818,1034.9400714165724,5.794706149914084e-215,0.05056193966772708
ChimeraScan,f1,10,0.457707263800259,0.21242447223087668,0.7029900553696413,99.95610029278454,20501.275682382333,0.0,0.15632899623723948
EricScript,precision,16,0.4038965614480357,0.18898598328467153,0.6188071396113999,99.92999110964699,21425.850237539686,0.0,0.19150391491844193
EricScript,sensitivity,18,0.5875268447383585,0.5272165314311464,0.6478371580455705,96.69611768625656,514.5461728247286,1.626592486829639e-98,0.014164716740831898
EricScript,f1,16,0.4141685567071064,0.2584611676282105,0.5698759457860023,99.83128565315705,8890.767312138405,0.0,0.10015964791904727
FusionCatcher,precision,14,0.6834692195258767,0.5740141504729716,0.7929242885787818,99.38582373443823,2116.656199358223,0.0,0.041363540564995624
FusionCatcher,sensitivity,18,0.6043635539214541,0.5055972456355123,0.7031298622073959,98.1047882743077,896.997405067767,9.285609446650792e-180,0.04260792921921787
FusionCatcher,f1,14,0.62481481664906,0.5111805972796725,0.7384490360184476,99.07099772189375,1399.3507127345486,2.118301483631865e-291,0.045426596606805966
FusionMap,precision,13,0.4467459792943301,0.2133354789528448,0.6801564796358154,99.87823006370921,9854.64915686873,0.0,0.1807580731433546
FusionMap,sensitivity,12,0.5691672311656255,0.4674944674963758,0.6708399948348752,97.50587193551519,441.0358937311498,1.1636599787727803e-87,0.02716627805355737
FusionMap,f1,12,0.4827278281303217,0.3559430065367243,0.6095126497239192,99.24007576389762,1447.5127226391078,6.7393802004593815e-304,0.04755814940772816
InFusion,precision,12,0.6286066887106512,0.5125174215600302,0.7446959558612721,99.67609856023216,3396.094814485676,0.0,0.040169971784623164
InFusion,sensitivity,14,0.5966893502347135,0.47596531082649773,0.7174133896429292,98.61509874253301,938.695082404448,2.535487935217659e-192,0.05014148953522833
InFusion,f1,12,0.5581320895463593,0.4079477675745151,0.7083164115182035,99.50922036593886,2241.331798749713,0.0,0.06942701704697499
JAFFA,precision,13,0.3263331817198402,0.25195941163621444,0.400706951803466,98.80382678156701,1003.1991867967246,3.846016486888382e-207,0.015593409496748166
JAFFA,sensitivity,15,0.5527324924479424,0.3782047326109141,0.7272602522849707,98.53657704372026,956.6612263340601,3.091442630773714e-195,0.11516321583044786
JAFFA,f1,13,0.3500257753619546,0.2591325072163568,0.44091904350755246,99.16228338018418,1432.4653129883454,1.390711423628855e-299,0.02574005495192753
JAFFA-Hybrid,precision,3,0.7139097020184235,0.30069337774847665,1.1271260262883704,99.96016722351044,5020.9906922367245,0.0,0.13327675903736425
JAFFA-Hybrid,sensitivity,4,0.7233220056802306,0.6466627101338062,0.7999813012266551,93.53046587138762,46.37119057355449,4.728985534876977e-10,0.005436591366127213
JAFFA-Hybrid,f1,4,0.7232702082103991,0.4282132311190963,1.018327185301702,99.84500866619554,1935.5920917390886,0.0,0.0903333372192834
MapSplice,precision,10,0.8513132515273264,0.814860394344861,0.8877661087097918,98.82487427952348,765.875501078341,4.693853761833486e-159,0.0024744906750075006
MapSplice,sensitivity,11,0.5613271619898268,0.42090246386998975,0.7017518601096638,98.88811056181447,899.3699963837045,8.701231512137407e-187,0.054718328254195044
MapSplice,f1,10,0.6065734044023751,0.47743570887266173,0.7357110999320884,99.20955800899974,1138.6034778606459,2.1683245118091992e-239,0.042269036344668644
SOAPfuse,precision,18,0.6108023350509753,0.4928384003741524,0.7287662697277981,99.77439962564702,7535.448488840395,0.0,0.0637926178893148
SOAPfuse,sensitivity,20,0.6753670150081835,0.6125643655560244,0.7381696644603426,94.93783601882652,375.333554398124,5.815008338988743e-68,0.018046743594400755
SOAPfuse,f1,18,0.5642863558137173,0.43780070198381027,0.6907720096436244,99.3813636802624,2747.9796218900433,0.0,0.07380135288038078
STAR-Fusion,precision,20,0.7298260620461309,0.6885050446044207,0.771147079487841,98.13306483068524,1017.7107546253882,8.783301409924843e-204,0.006694411286502588
STAR-Fusion,sensitivity,22,0.7039778832596184,0.6443159176586808,0.763639848860556,98.24386990907215,1195.8111821262971,4.608061659841098e-240,0.01741472310762811
STAR-Fusion,f1,20,0.6871156278850733,0.6350913380015489,0.7391399177685977,98.7272197499108,1492.795005160428,1.5569842052398907e-305,0.012331157455441425
TopHat-Fusion,precision,18,0.3975845575828713,0.23144048450659685,0.5637286306591458,99.84486506227522,10958.202097685851,0.0,0.1259999682594594
TopHat-Fusion,sensitivity,19,0.5241178425832255,0.3619909992875916,0.6862446858788593,99.42168524772187,3112.4919309240213,0.0,0.12668929684651575
TopHat-Fusion,f1,18,0.4143862882255042,0.23722856018505895,0.5915440162659495,99.74529434881524,6674.370953657559,0.0,0.14561578471867787
deFuse,precision,12,0.5182715206381184,0.3351655285390118,0.701377512737225,99.90713715570074,11845.426535236242,0.0,0.10222025931595467
deFuse,sensitivity,16,0.7161380528637459,0.6518969972734375,0.7803791084540542,97.6897354135595,649.2762815150516,1.1807750220503648e-128,0.013815048969080146
deFuse,f1,14,0.5763714675155162,0.4315866991635672,0.7211562358674651,99.8126804885623,6940.013829965407,0.0,0.07435146423743698
nFuse,precision,3,0.6897077826684951,0.20859297082947587,1.1708225945075144,99.97154770009776,7029.3087267878645,0.0,0.18070315128200037
nFuse,sensitivity,5,0.562614868150934,0.3674165211652082,0.7578132151366598,99.23356587863226,521.8974323405396,1.2292176337238884e-111,0.048312021717207505
nFuse,f1,3,0.6748935648046345,0.24419901719798448,1.1055881124112845,99.94899038889722,3920.8297353420476,0.0,0.14477264769349132
