Benchmark,Study,New_tool,status,n_tools,best_new_tool,primary_metric,best_new_primary_value,best_new_primary_rank,best_new_f1,best_new_f1_rank,best_overall_tool,best_overall_f1,new_tool_is_best_by_mean_f1,new_tool_is_best_by_primary_metric,new_tool_mean_f1,other_tools_mean_f1,new_minus_other_mean_f1,best_new_precision_rank,best_new_recall_rank,datasets_with_new_tool,datasets_new_tool_best,median_dataset_rank,best_overall_primary_value
1,Haas 2019,STAR-Fusion; TrinityFusion,ok,25,STAR-Fusion,F1,0.8891764674443153,1,0.8891764674443153,1.0,STAR-Fusion,0.8891764674443153,True,True,0.7645892190017983,0.7265493515256354,0.03803986747616295,7.0,3.0,3.0,1.0,3.0,
2,Uhrig 2021,Arriba,ok,7,Arriba,F1,0.6836245969372904,1,0.6836245969372904,1.0,Arriba,0.6836245969372904,True,True,0.6836245969372904,0.3181523640471675,0.3654722328901229,2.0,1.0,3.0,3.0,1.0,
4,Balan 2021,SeekFusion,recall only,4,SeekFusion,Recall_Sensitivity,0.89,1,,,SeekFusion,,,True,,,,,,,,,0.89
5,Zhao 2017,GFusion,ok,5,GFusion,F1,0.8245987553226335,1,0.8245987553226335,1.0,GFusion,0.8245987553226335,True,True,0.8245987553226335,0.47486809484102055,0.34973066048161294,1.0,2.0,2.0,1.0,1.5,
6,Vu 2018,FuSeq,ok,6,FuSeq,F1,0.385453466714732,1,0.385453466714732,1.0,FuSeq,0.385453466714732,True,True,0.385453466714732,0.2576445416319828,0.12780892508274921,2.0,2.0,4.0,2.0,1.5,
8,Apostolides 2021,MetaFusion,ok,9,MetaFusion.top_3,F1,0.8535,1,0.8535,1.0,MetaFusion.top_3,0.8535,True,True,0.8323333333333334,0.593,0.2393333333333334,1.0,3.0,6.0,6.0,1.0,
9,Zhang 2016,INTEGRATE,ok,12,INTEGRATE C,F1,0.8481176470588235,1,0.8481176470588235,1.0,INTEGRATE C,0.8481176470588235,True,True,0.6938010112691885,0.26234576608666416,0.4314552451825243,10.0,1.0,1.0,1.0,1.0,
10,Davidson 2015,JAFFA,ok,7,JAFFA-Hybrid,F1,0.9361702127659576,1,0.9361702127659576,1.0,JAFFA-Hybrid,0.9361702127659576,True,True,0.794632089826926,0.5288334146424462,0.26579867518447986,1.0,1.0,2.0,1.0,2.0,
11,Vicente-Garces 2023,Fusion InPipe,ok,8,Fusion InPipe-3,F1,0.8999999999999999,1,0.8999999999999999,1.0,Fusion InPipe-3,0.8999999999999999,True,True,0.8333333333333334,0.8230000000000001,0.010333333333333306,5.0,1.0,2.0,2.0,1.0,
