Benchmark,Doi,Dataset,Type of dataset,Run,Tool,Version,TP,FP,TP+FP,PP,Recall/Sensitivity,Precision,F1,Execution time (per run) [h],Memory usage (per sample),Time ranking in the set,FN
1,doi.org/10.1186/s13059-019-1842-9,Dataset1.1,simulated,,STAR-SEQR,,445.0,2.0,,500.0,0.89,1.0,0.9417989417989417,,,,
1,doi.org/10.1186/s13059-019-1842-9,Dataset1.1,simulated,,Arriba,,443.0,11.0,,500.0,0.89,0.98,0.9328342245989304,,,,
1,doi.org/10.1186/s13059-019-1842-9,Dataset1.1,simulated,,STAR-Fusion,,422.0,9.0,,500.0,0.84,0.98,0.9046153846153846,,,,
1,doi.org/10.1186/s13059-019-1842-9,Dataset1.1,simulated,,JAFFA-Direct,,421.0,13.0,,500.0,0.84,0.97,0.9003314917127071,,,,
1,doi.org/10.1186/s13059-019-1842-9,Dataset1.1,simulated,,nFuse,,415.0,15.0,,500.0,0.83,0.97,0.8945555555555555,,,,
1,doi.org/10.1186/s13059-019-1842-9,Dataset1.1,simulated,,Pizzly,,420.0,21.0,,500.0,0.84,0.95,0.8916201117318435,,,,
1,doi.org/10.1186/s13059-019-1842-9,Dataset1.1,simulated,,TopHat-Fusion,,403.0,5.0,,500.0,0.81,0.99,0.891,,,,
1,doi.org/10.1186/s13059-019-1842-9,Dataset1.1,simulated,,deFuse,,394.0,8.0,,500.0,0.79,0.98,0.8748022598870057,,,,
1,doi.org/10.1186/s13059-019-1842-9,Dataset1.1,simulated,,ARRIBA_hc,,389.0,2.0,,500.0,0.78,0.99,0.8725423728813559,,,,
1,doi.org/10.1186/s13059-019-1842-9,Dataset1.1,simulated,,FusionCatcher,,387.0,8.0,,500.0,0.77,0.98,0.8624,,,,
1,doi.org/10.1186/s13059-019-1842-9,Dataset1.1,simulated,,InFusion,,378.0,4.0,,500.0,0.76,0.99,0.8598857142857143,,,,
1,doi.org/10.1186/s13059-019-1842-9,Dataset1.1,simulated,,MapSplice,,363.0,1.0,,500.0,0.73,1.0,0.8439306358381503,,,,
1,doi.org/10.1186/s13059-019-1842-9,Dataset1.1,simulated,,STARChip,,363.0,3.0,,500.0,0.73,0.99,0.8403488372093023,,,,
1,doi.org/10.1186/s13059-019-1842-9,Dataset1.1,simulated,,TrinityFusion-C,,358.0,2.0,,500.0,0.72,0.99,0.8336842105263158,,,,
1,doi.org/10.1186/s13059-019-1842-9,Dataset1.1,simulated,,ChimeraScan,,416.0,84.0,,500.0,0.83,0.83,0.83,,,,
1,doi.org/10.1186/s13059-019-1842-9,Dataset1.1,simulated,,JAFFA-Hybrid,,360.0,10.0,,500.0,0.72,0.97,0.8265088757396449,,,,
1,doi.org/10.1186/s13059-019-1842-9,Dataset1.1,simulated,,SOAPfuse,,344.0,2.0,,500.0,0.69,0.99,0.8132142857142857,,,,
1,doi.org/10.1186/s13059-019-1842-9,Dataset1.1,simulated,,TrinityFusion-UC,,332.0,1.0,,500.0,0.66,1.0,0.7951807228915663,,,,
1,doi.org/10.1186/s13059-019-1842-9,Dataset1.1,simulated,,EricScript,,343.0,31.0,,500.0,0.69,0.92,0.7885714285714287,,,,
1,doi.org/10.1186/s13059-019-1842-9,Dataset1.1,simulated,,JAFFA-Assembly,,333.0,68.0,,500.0,0.67,0.83,0.7414666666666667,,,,
1,doi.org/10.1186/s13059-019-1842-9,Dataset1.1,simulated,,PRADA,,278.0,1.0,,500.0,0.56,1.0,0.717948717948718,,,,
1,doi.org/10.1186/s13059-019-1842-9,Dataset1.1,simulated,,ChimPipe,,281.0,2.0,,500.0,0.56,0.99,0.7153548387096774,,,,
1,doi.org/10.1186/s13059-019-1842-9,Dataset1.1,simulated,,TrinityFusion-D,,200.0,2.0,,500.0,0.4,0.99,0.5697841726618704,,,,
1,doi.org/10.1186/s13059-019-1842-9,Dataset1.1,simulated,,FusionHunter,,183.0,5.0,,500.0,0.37,0.97,0.5356716417910449,,,,
1,doi.org/10.1186/s13059-019-1842-9,Dataset1.2,simulated,run4,STAR-SEQR,,2339.0,10.0,,2500.0,0.94,1.0,0.9690721649484536,,,,161.0
1,doi.org/10.1186/s13059-019-1842-9,Dataset1.2,simulated,,Arriba,,2335.0,53.0,,2500.0,0.93,0.98,0.9543455497382198,,,,
1,doi.org/10.1186/s13059-019-1842-9,Dataset1.2,simulated,,STAR-Fusion,,2293.0,45.0,,2500.0,0.92,0.98,0.9490526315789475,,,,
1,doi.org/10.1186/s13059-019-1842-9,Dataset1.2,simulated,,Pizzly,,2266.0,129.0,,2500.0,0.91,0.95,0.9295698924731183,,,,
1,doi.org/10.1186/s13059-019-1842-9,Dataset1.2,simulated,,TopHat-Fusion,,2116.0,30.0,,2500.0,0.85,0.99,0.9146739130434783,,,,
1,doi.org/10.1186/s13059-019-1842-9,Dataset1.2,simulated,,nFuse,,2170.0,94.0,,2500.0,0.87,0.96,0.9127868852459016,,,,
1,doi.org/10.1186/s13059-019-1842-9,Dataset1.2,simulated,,JAFFA-Direct,,2146.0,56.0,,2500.0,0.86,0.97,0.9116939890710382,,,,
1,doi.org/10.1186/s13059-019-1842-9,Dataset1.2,simulated,,InFusion,,2068.0,17.0,,2500.0,0.83,0.99,0.9029670329670331,,,,
1,doi.org/10.1186/s13059-019-1842-9,Dataset1.2,simulated,,FusionCatcher,,2075.0,38.0,,2500.0,0.83,0.98,0.8987845303867402,,,,
1,doi.org/10.1186/s13059-019-1842-9,Dataset1.2,simulated,,ARRIBA_hc,,2034.0,15.0,,2500.0,0.81,0.99,0.891,,,,
1,doi.org/10.1186/s13059-019-1842-9,Dataset1.2,simulated,,deFuse,,2064.0,78.0,,2500.0,0.83,0.96,0.8902793296089385,,,,
1,doi.org/10.1186/s13059-019-1842-9,Dataset1.2,simulated,,STARChip,,2004.0,10.0,,2500.0,0.8,1.0,0.888888888888889,,,,
1,doi.org/10.1186/s13059-019-1842-9,Dataset1.2,simulated,,MapSplice,,1967.0,6.0,,2500.0,0.79,1.0,0.8826815642458101,,,,
1,doi.org/10.1186/s13059-019-1842-9,Dataset1.2,simulated,,TrinityFusion-C,,1963.0,12.0,,2500.0,0.79,0.99,0.8787640449438202,,,,
1,doi.org/10.1186/s13059-019-1842-9,Dataset1.2,simulated,,ChimPipe,,1953.0,5.0,,2500.0,0.78,1.0,0.8764044943820225,,,,
1,doi.org/10.1186/s13059-019-1842-9,Dataset1.2,simulated,,TrinityFusion-UC,,1892.0,11.0,,2500.0,0.76,0.99,0.8598857142857143,,,,
1,doi.org/10.1186/s13059-019-1842-9,Dataset1.2,simulated,,ChimeraScan,,2094.0,342.0,,2500.0,0.84,0.86,0.8498823529411764,,,,
1,doi.org/10.1186/s13059-019-1842-9,Dataset1.2,simulated,,JAFFA-Hybrid,,1831.0,54.0,,2500.0,0.73,0.97,0.8330588235294117,,,,
1,doi.org/10.1186/s13059-019-1842-9,Dataset1.2,simulated,,SOAPfuse,,1769.0,21.0,,2500.0,0.71,0.99,0.8269411764705882,,,,
1,doi.org/10.1186/s13059-019-1842-9,Dataset1.2,simulated,,EricScript,,1791.0,201.0,,2500.0,0.72,0.9,0.7999999999999999,,,,
1,doi.org/10.1186/s13059-019-1842-9,Dataset1.2,simulated,,PRADA,,1643.0,2.0,,2500.0,0.66,1.0,0.7951807228915663,,,,
1,doi.org/10.1186/s13059-019-1842-9,Dataset1.2,simulated,,JAFFA-Assembly,,1620.0,228.0,,2500.0,0.65,0.88,0.7477124183006537,,,,
1,doi.org/10.1186/s13059-019-1842-9,Dataset1.2,simulated,,TrinityFusion-D,,1097.0,12.0,,2500.0,0.44,0.99,0.6092307692307692,,,,
1,doi.org/10.1186/s13059-019-1842-9,Dataset1.2,simulated,,FusionHunter,,1091.0,17.0,,2500.0,0.44,0.98,0.6073239436619718,,,,
1,doi.org/10.1186/s13059-019-1842-9,Dataset1.3,real,,STAR-Fusion,v1.5 kickstart,,,,,,,,1.0,,1.0,
1,doi.org/10.1186/s13059-019-1842-9,Dataset1.3,real,,ARRIBA_hc,,341.0,106.0,447.0,490.0,0.6959183673469388,0.7628635346756152,0.727854855923159,,,,
1,doi.org/10.1186/s13059-019-1842-9,Dataset1.3,real,,Arriba,1.1.0.,394.0,241.0,635.0,490.0,0.8040816326530612,0.6204724409448819,0.7004444444444444,2.0,,2.0,
1,doi.org/10.1186/s13059-019-1842-9,Dataset1.3,real,,Pizzly,0.37.3,235.0,303.0,538.0,490.0,0.47959183673469385,0.4368029739776952,0.4571984435797665,2.0,,2.0,
1,doi.org/10.1186/s13059-019-1842-9,Dataset1.3,real,,STARChip,May012019,229.0,81.0,310.0,490.0,0.4673469387755102,0.7387096774193549,0.5725,2.0,,2.0,
1,doi.org/10.1186/s13059-019-1842-9,Dataset1.3,real,,STAR-SEQR,v0.6.7.,429.0,301.0,730.0,490.0,0.8755102040816326,0.5876712328767123,0.7032786885245902,3.0,,3.0,
1,doi.org/10.1186/s13059-019-1842-9,Dataset1.3,real,,STAR-Fusion,v1.5,411.0,109.0,520.0,490.0,0.8387755102040816,0.7903846153846154,0.8138613861386138,4.0,,4.0,
1,doi.org/10.1186/s13059-019-1842-9,Dataset1.3,real,,FusionCatcher,V0994e,,,0.0,490.0,0.0,,,4.0,,4.0,
1,doi.org/10.1186/s13059-019-1842-9,Dataset1.3,real,,FusionCatcher,v1.10,325.0,327.0,652.0,490.0,0.6632653061224489,0.49846625766871167,0.5691768826619965,4.0,,4.0,
1,doi.org/10.1186/s13059-019-1842-9,Dataset1.3,real,,EricScript,0.5.3,157.0,1471.0,1628.0,490.0,0.32040816326530613,0.09643734643734644,0.14825306893295565,10.0,,5.0,
1,doi.org/10.1186/s13059-019-1842-9,Dataset1.3,real,,nFuse,0.2.1,226.0,1328.0,1554.0,490.0,0.46122448979591835,0.14543114543114544,0.22113502935420745,10.0,,5.0,
1,doi.org/10.1186/s13059-019-1842-9,Dataset1.3,real,,FusionHunter,v1.4,97.0,58.0,155.0,490.0,0.19795918367346937,0.6258064516129033,0.3007751937984496,11.0,,6.0,
1,doi.org/10.1186/s13059-019-1842-9,Dataset1.3,real,,PRADA,v1.2,188.0,21.0,209.0,490.0,0.3836734693877551,0.8995215311004785,0.5379113018597997,15.0,,7.0,
1,doi.org/10.1186/s13059-019-1842-9,Dataset1.3,real,,JAFFA-Direct,v1.06,375.0,711.0,1086.0,490.0,0.7653061224489796,0.3453038674033149,0.4758883248730964,15.0,,7.0,
1,doi.org/10.1186/s13059-019-1842-9,Dataset1.3,real,,deFuse,0.6.1,196.0,911.0,1107.0,490.0,0.4,0.17705510388437218,0.24546023794614902,20.0,,8.0,
1,doi.org/10.1186/s13059-019-1842-9,Dataset1.3,real,,ChimPipe,0.9.5,270.0,8.0,278.0,490.0,0.5510204081632653,0.9712230215827338,0.703125,25.0,,9.0,
1,doi.org/10.1186/s13059-019-1842-9,Dataset1.3,real,,SOAPfuse,v1.26,246.0,56.0,302.0,490.0,0.5020408163265306,0.8145695364238411,0.6212121212121212,25.0,,9.0,
1,doi.org/10.1186/s13059-019-1842-9,Dataset1.3,real,,TopHat-Fusion,2.0.10,319.0,390.0,709.0,490.0,0.6510204081632653,0.44992947813822287,0.5321100917431193,25.0,,9.0,
1,doi.org/10.1186/s13059-019-1842-9,Dataset1.3,real,,ChimeraScan,0.4.5,145.0,435.0,580.0,490.0,0.29591836734693877,0.25,0.27102803738317754,30.0,,10.0,
1,doi.org/10.1186/s13059-019-1842-9,Dataset1.3,real,,MapSplice,v2.2.0,315.0,283.0,598.0,490.0,0.6428571428571429,0.5267558528428093,0.5790441176470589,30.0,,10.0,
1,doi.org/10.1186/s13059-019-1842-9,Dataset1.3,real,,JAFFA-Assembly,v1.06,273.0,296.0,569.0,490.0,0.5571428571428572,0.4797891036906854,0.5155807365439093,30.0,,10.0,
1,doi.org/10.1186/s13059-019-1842-9,Dataset1.3,real,,TrinityFusion-C,v0.2.0,274.0,16.0,290.0,490.0,0.5591836734693878,0.9448275862068966,0.7025641025641026,45.0,,11.0,
1,doi.org/10.1186/s13059-019-1842-9,Dataset1.3,real,,InFusion,,318.0,334.0,652.0,490.0,0.6489795918367347,0.48773006134969327,0.5569176882661996,60.0,,12.0,
1,doi.org/10.1186/s13059-019-1842-9,Dataset1.3,real,,JAFFA-Hybrid,v1.06,291.0,1185.0,1476.0,490.0,0.5938775510204082,0.19715447154471544,0.2960325534079349,65.0,,13.0,
1,doi.org/10.1186/s13059-019-1842-9,Dataset1.3,real,,TrinityFusion-D,v0.2.0,216.0,24.0,240.0,490.0,0.44081632653061226,0.9,0.5917808219178082,70.0,,14.0,
1,doi.org/10.1186/s13059-019-1842-9,Dataset1.3,real,,TrinityFusion-UC,v0.2.0,262.0,34.0,296.0,490.0,0.5346938775510204,0.8851351351351351,0.6666666666666666,70.0,,14.0,
1,doi.org/10.1186/s13059-019-1842-9,Dataset1.3,real,,FusionInspector,,,,0.0,490.0,0.0,,,,,,
2,https://www.ncbi.nlm.nih.gov/pmc/articles/PMC7919457/,Dataset2.1,simulated,,Arriba,v1.00,90.0,7.0,97.0,150.0,0.6,0.9278350515463918,,1.0,38.0,1.0,
2,https://www.ncbi.nlm.nih.gov/pmc/articles/PMC7919457/,Dataset2.1,simulated,,STAR-Fusion,v1.4.0,52.0,13.0,65.0,150.0,0.3466666666666667,0.8,,2.0,38.0,2.0,
2,https://www.ncbi.nlm.nih.gov/pmc/articles/PMC7919457/,Dataset2.1,simulated,,FusionCatcher,v1.00,,,,150.0,,,,6.0,10.0,3.0,
2,https://www.ncbi.nlm.nih.gov/pmc/articles/PMC7919457/,Dataset2.1,simulated,,deFuse,v0.8.1,,,,150.0,,,,8.0,5.0,4.0,
2,https://www.ncbi.nlm.nih.gov/pmc/articles/PMC7919457/,Dataset2.1,simulated,,InFusion,v0.8,20.0,17.0,37.0,150.0,0.13333333333333333,0.5405405405405406,,14.0,5.0,5.0,
2,https://www.ncbi.nlm.nih.gov/pmc/articles/PMC7919457/,Dataset2.1,simulated,,SOAPfuse,v1.27,56.0,12.0,68.0,150.0,0.37333333333333335,0.8235294117647058,,17.0,7.0,6.0,
2,https://www.ncbi.nlm.nih.gov/pmc/articles/PMC7919457/,Dataset2.1,simulated,,PRADA,v1.2,,,,150.0,,,,27.0,7.0,7.0,
2,https://www.ncbi.nlm.nih.gov/pmc/articles/PMC7919457/,Dataset2.2,spike-in,,Arriba,v1.00,10.0,0.0,10.0,20.0,0.5,1.0,,0.25,38.0,1.0,
2,https://www.ncbi.nlm.nih.gov/pmc/articles/PMC7919457/,Dataset2.2,spike-in,,FusionCatcher,v1.00,8.0,32.0,40.0,20.0,0.4,0.2,,1.0,28.0,2.0,
2,https://www.ncbi.nlm.nih.gov/pmc/articles/PMC7919457/,Dataset2.2,spike-in,,STAR-Fusion,v1.4.0,7.0,0.0,7.0,20.0,0.35,1.0,,1.0,38.0,2.0,
2,https://www.ncbi.nlm.nih.gov/pmc/articles/PMC7919457/,Dataset2.2,spike-in,,deFuse,v0.8.1,7.0,42.0,49.0,20.0,0.35,0.14285714285714285,,2.5,6.0,3.0,
2,https://www.ncbi.nlm.nih.gov/pmc/articles/PMC7919457/,Dataset2.2,spike-in,,InFusion,v0.8,5.0,75.0,80.0,20.0,0.25,0.0625,,4.5,5.0,4.0,
2,https://www.ncbi.nlm.nih.gov/pmc/articles/PMC7919457/,Dataset2.2,spike-in,,SOAPfuse,v1.27,8.0,25.0,33.0,20.0,0.4,0.24242424242424243,,5.0,6.0,5.0,
2,https://www.ncbi.nlm.nih.gov/pmc/articles/PMC7919457/,Dataset2.2,spike-in,,PRADA,v1.2,,,,20.0,,,,9.0,15.0,6.0,
2,https://www.ncbi.nlm.nih.gov/pmc/articles/PMC7919457/,Dataset2.3,real (cells),run 5,Arriba,v1.00,78.0,80.0,158.0,80.0,0.975,0.4936708860759494,,1.0,39.0,1.0,
2,https://www.ncbi.nlm.nih.gov/pmc/articles/PMC7919457/,Dataset2.3,real (cells),,STAR-Fusion,v1.4.0,38.0,10.0,48.0,80.0,0.475,0.7916666666666666,,2.0,40.0,2.0,
2,https://www.ncbi.nlm.nih.gov/pmc/articles/PMC7919457/,Dataset2.3,real (cells),,FusionCatcher,v1.00,42.0,200.0,242.0,80.0,0.525,0.17355371900826447,,20.0,28.0,3.0,
2,https://www.ncbi.nlm.nih.gov/pmc/articles/PMC7919457/,Dataset2.3,real (cells),,deFuse,v0.8.1,70.0,280.0,350.0,80.0,0.875,0.2,,25.0,5.0,4.0,
2,https://www.ncbi.nlm.nih.gov/pmc/articles/PMC7919457/,Dataset2.3,real (cells),,InFusion,v0.8,60.0,350.0,410.0,80.0,0.75,0.14634146341463414,,48.0,8.0,5.0,
2,https://www.ncbi.nlm.nih.gov/pmc/articles/PMC7919457/,Dataset2.3,real (cells),,PRADA,v1.2,,,,80.0,,,,50.0,18.0,6.0,
2,https://www.ncbi.nlm.nih.gov/pmc/articles/PMC7919457/,Dataset2.3,real (cells),,SOAPfuse,v1.27,44.0,280.0,324.0,80.0,0.55,0.13580246913580246,,148.0,10.0,7.0,
2,https://www.ncbi.nlm.nih.gov/pmc/articles/PMC7919457/,Dataset2.4,real,,Arriba,v1.00,55.0,,,56.0,0.9821428571428571,,,,,,
2,https://www.ncbi.nlm.nih.gov/pmc/articles/PMC7919457/,Dataset2.4,real,,FusionCatcher,v1.00,54.0,,,56.0,0.9642857142857143,,,,,,
2,https://www.ncbi.nlm.nih.gov/pmc/articles/PMC7919457/,Dataset2.4,real,,InFusion,v0.8,49.0,,,56.0,0.875,,,,,,
2,https://www.ncbi.nlm.nih.gov/pmc/articles/PMC7919457/,Dataset2.4,real,,PRADA,v1.2,49.0,,,56.0,0.875,,,,,,
2,https://www.ncbi.nlm.nih.gov/pmc/articles/PMC7919457/,Dataset2.4,real,,SOAPfuse,v1.27,51.0,,,56.0,0.9107142857142857,,,,,,
2,https://www.ncbi.nlm.nih.gov/pmc/articles/PMC7919457/,Dataset2.4,real,,STAR-Fusion,v1.4.0,49.0,,,56.0,0.875,,,,,,
2,https://www.ncbi.nlm.nih.gov/pmc/articles/PMC7919457/,Dataset2.4,real,,deFuse,v0.8.1,48.0,,,56.0,0.8571428571428571,,,,,,
2,https://www.ncbi.nlm.nih.gov/pmc/articles/PMC7919457/,Dataset2.5,real,,Arriba,v1.00,9.0,,,9.0,1.0,,,,,,
2,https://www.ncbi.nlm.nih.gov/pmc/articles/PMC7919457/,Dataset2.5,real,,FusionCatcher,v1.00,3.0,,,9.0,0.3333333333333333,,,,,,
2,https://www.ncbi.nlm.nih.gov/pmc/articles/PMC7919457/,Dataset2.5,real,,InFusion,v0.8,5.0,,,9.0,0.5555555555555556,,,,,,
2,https://www.ncbi.nlm.nih.gov/pmc/articles/PMC7919457/,Dataset2.5,real,,PRADA,v1.2,0.0,,,9.0,0.0,,,,,,
2,https://www.ncbi.nlm.nih.gov/pmc/articles/PMC7919457/,Dataset2.5,real,,SOAPfuse,v1.27,0.0,,,9.0,0.0,,,,,,
2,https://www.ncbi.nlm.nih.gov/pmc/articles/PMC7919457/,Dataset2.5,real,,STAR-Fusion,v1.4.0,4.0,,,9.0,0.4444444444444444,,,,,,
2,https://www.ncbi.nlm.nih.gov/pmc/articles/PMC7919457/,Dataset2.5,real,,deFuse,v0.8.1,2.0,,,9.0,0.2222222222222222,,,,,,
3,doi: 10.1038/srep21597,Dataset3.1B,real,run 1,FusionMap,2015-03-31 version,0.0,,,44.0,0.0,,,0.7166666666666667,11.92926,1.0,
3,doi: 10.1038/srep21597,Dataset3.1B,real,,EricScript,0.5.1,26.0,,,44.0,0.5909090909090909,,,4.2,5.253128,2.0,
3,doi: 10.1038/srep21597,Dataset3.1B,real,,FusionCatcher,v0.99.4c,3.0,,,44.0,0.06818181818181818,,,6.05,19.33538,3.0,
3,doi: 10.1038/srep21597,Dataset3.1B,real,,ChimeraScan,0.4.5,31.0,,,44.0,0.7045454545454546,,,9.5,3.713236,4.0,
3,doi: 10.1038/srep21597,Dataset3.1B,real,,FusionHunter,v1.4,9.0,,,44.0,0.20454545454545456,,,12.116666666666667,4.520588,5.0,
3,doi: 10.1038/srep21597,Dataset3.1B,real,,nFuse,0.2.1.,0.0,,,44.0,0.0,,,12.7,6.740468,6.0,
3,doi: 10.1038/srep21597,Dataset3.1B,real,,SOAPfuse,v1.26,0.0,,,44.0,0.0,,,15.683333333333334,15.854344,7.0,
3,doi: 10.1038/srep21597,Dataset3.1B,real,,TopHat-Fusion,2.1.0.,0.0,,,44.0,0.0,,,32.36666666666667,4.031104,8.0,
3,doi: 10.1038/srep21597,Dataset3.1B,real,,BreakFusion,,5.0,,,44.0,0.11363636363636363,,,38.96666666666667,9.973464,9.0,
3,doi: 10.1038/srep21597,Dataset3.1B,real,,MapSplice,v2.1.9,0.0,,,44.0,0.0,,,43.733333333333334,5.497104,10.0,
3,doi: 10.1038/srep21597,Dataset3.1B,real,,JAFFA,1.06,1.0,,,44.0,0.022727272727272728,,,66.26666666666667,44.342636,11.0,
3,doi: 10.1038/srep21597,Dataset3.1B,real,,Bellerophontes,0.4.0.,0.0,,,44.0,0.0,,,,,12.0,
3,doi: 10.1038/srep21597,Dataset3.2,simulated,,ChimeraScan,0.4.5,4.0,,,50.0,0.08,,,0.05,2.75,1.0,
3,doi: 10.1038/srep21597,Dataset3.2,simulated,,EricScript,0.5.1,39.0,,,50.0,0.78,,,0.05,0.23,1.0,
3,doi: 10.1038/srep21597,Dataset3.2,simulated,,MapSplice,v2.1.9,43.0,,,50.0,0.86,,,0.05,5.35,1.0,
3,doi: 10.1038/srep21597,Dataset3.2,simulated,,Bellerophontes,0.4.0.,33.0,,42.0,50.0,0.66,0.7857142857142857,,0.1,9.25,2.0,
3,doi: 10.1038/srep21597,Dataset3.2,simulated,,JAFFA,1.06,44.0,,,50.0,0.88,,,0.11666666666666667,4.3,3.0,
3,doi: 10.1038/srep21597,Dataset3.2,simulated,,FusionHunter,v1.4,18.0,,,50.0,0.36,,,0.15,2.31,4.0,
3,doi: 10.1038/srep21597,Dataset3.2,simulated,,FusionCatcher,v0.99.4c,33.0,,,50.0,0.66,,,0.18333333333333332,11.67,5.0,
3,doi: 10.1038/srep21597,Dataset3.2,simulated,,TopHat-Fusion,2.1.0.,26.0,,,50.0,0.52,,,0.25,2.32,6.0,
3,doi: 10.1038/srep21597,Dataset3.2,simulated,,FusionMap,2015-03-31 version,28.0,,,50.0,0.56,,,0.31666666666666665,11.84,7.0,
3,doi: 10.1038/srep21597,Dataset3.2,simulated,,nFuse,0.2.1.,15.0,,,50.0,0.3,,,0.7666666666666667,12.59,8.0,
3,doi: 10.1038/srep21597,Dataset3.2,simulated,,SOAPfuse,v1.26,41.0,,,50.0,0.82,,,0.8666666666666667,7.61,9.0,
3,doi: 10.1038/srep21597,Dataset3.2,simulated,,BreakFusion,,2.0,,,50.0,0.04,,,,,,
4,https://doi.org/10.3389/fgene.2021.739054,Dataset4.1,real,run 7,STAR-Fusion,,,,,,0.69,,,0.4166666666666667,,1.0,
4,https://doi.org/10.3389/fgene.2021.739054,Dataset4.1,real,,SeekFusion,,,,,,0.89,,,0.5833333333333334,,2.0,
4,https://doi.org/10.3389/fgene.2021.739054,Dataset4.1,real,,JAFFA-Hybrid,v1.09,,,,,0.65,,,0.8333333333333334,,3.0,
4,https://doi.org/10.3389/fgene.2021.739054,Dataset4.1,real,,TopHat-Fusion,2.1.0.,,,,,0.01,,,0.8333333333333334,,3.0,
5,DOI:10.1038/s41598-017-07070-6,Dataset5.1,real,,Gfusion,,28.0,6.0,34.0,37.0,0.7567567567567568,0.8235294117647058,0.7887323943661971,,,,
5,DOI:10.1038/s41598-017-07070-6,Dataset5.1,real,,TopHat-Fusion,,30.0,36.0,66.0,37.0,0.8108108108108109,0.45454545454545453,0.5825242718446602,,,,
5,DOI:10.1038/s41598-017-07070-6,Dataset5.1,real,,FusionMap,,16.0,10.0,26.0,37.0,0.43243243243243246,0.6153846153846154,0.5079365079365079,,,,
5,DOI:10.1038/s41598-017-07070-6,Dataset5.1,real,,JAFFA,,21.0,16.0,37.0,37.0,0.5675675675675675,0.5675675675675675,0.5675675675675675,,,,
5,DOI:10.1038/s41598-017-07070-6,Dataset5.1,real,,ChimPipe,,30.0,8.0,38.0,37.0,0.8108108108108109,0.7894736842105263,0.8,,,,
5,DOI:10.1038/s41598-017-07070-6,Dataset5.2,real SE,,Gfusion,,6.0,28.0,34.0,,,0.17647058823529413,0.0,,,,
5,DOI:10.1038/s41598-017-07070-6,Dataset5.2,real SE,,TopHat-Fusion,,3.0,71.0,74.0,,,0.04054054054054054,0.0,,,,
5,DOI:10.1038/s41598-017-07070-6,Dataset5.2,real SE,,FusionMap,,5.0,221.0,226.0,,,0.022123893805309734,0.0,,,,
5,DOI:10.1038/s41598-017-07070-6,Dataset5.2,real SE,,JAFFA,,,,,,,,,,,,
5,DOI:10.1038/s41598-017-07070-6,Dataset5.2,real SE,,ChimPipe,,,,,,,,,,,,
5,DOI:10.1038/s41598-017-07070-6,Dataset5.3,simulated,,Gfusion,,37.0,7.0,44.0,42.0,0.8809523809523809,0.8409090909090909,0.8604651162790699,,,,
5,DOI:10.1038/s41598-017-07070-6,Dataset5.3,simulated,,TopHat-Fusion,,35.0,50.0,85.0,42.0,0.8333333333333334,0.4117647058823529,0.5511811023622047,,,,
5,DOI:10.1038/s41598-017-07070-6,Dataset5.3,simulated,,FusionMap,,22.0,160.0,182.0,42.0,0.5238095238095238,0.12087912087912088,0.19642857142857142,,,,
5,DOI:10.1038/s41598-017-07070-6,Dataset5.3,simulated,,JAFFA,,22.0,77.0,99.0,42.0,0.5238095238095238,0.2222222222222222,0.31205673758865243,,,,
5,DOI:10.1038/s41598-017-07070-6,Dataset5.3,simulated,,ChimPipe,,9.0,13.0,22.0,42.0,0.21428571428571427,0.4090909090909091,0.28125,,,,
6,https://doi.org/10.1186/s12864-018-5156-1,Dataset6.1,real,run 3,FuSeq,,22.0,31.0,53.0,27.0,0.8148148148148148,0.41509433962264153,0.55,1.83,7.0,1.0,
6,https://doi.org/10.1186/s12864-018-5156-1,Dataset6.1,real,,FusionMap,,12.0,35.0,47.0,27.0,0.4444444444444444,0.2553191489361702,0.32432432432432434,4.08,0.9,2.0,
6,https://doi.org/10.1186/s12864-018-5156-1,Dataset6.1,real,,TRUP,,0.0,0.0,0.0,27.0,0.0,,,136.04,3.8,3.0,
6,https://doi.org/10.1186/s12864-018-5156-1,Dataset6.1,real,,TopHat-Fusion,,24.0,237.0,261.0,27.0,0.8888888888888888,0.09195402298850575,0.16666666666666666,,,,
6,https://doi.org/10.1186/s12864-018-5156-1,Dataset6.1,real,,SOAPfuse,,24.0,37.0,61.0,27.0,0.8888888888888888,0.39344262295081966,0.5454545454545455,,,,
6,https://doi.org/10.1186/s12864-018-5156-1,Dataset6.1,real,,JAFFA,,20.0,22.0,42.0,27.0,0.7407407407407407,0.47619047619047616,0.5797101449275363,,,,
6,https://doi.org/10.1186/s12864-018-5156-1,Dataset6.2,real,run 3,FuSeq,,22.0,31.0,53.0,99.0,0.2222222222222222,0.41509433962264153,0.2894736842105263,,,,
6,https://doi.org/10.1186/s12864-018-5156-1,Dataset6.2,real,,FusionMap,,22.0,25.0,47.0,99.0,0.2222222222222222,0.46808510638297873,0.3013698630136986,,,,
6,https://doi.org/10.1186/s12864-018-5156-1,Dataset6.2,real,,TRUP,,0.0,0.0,0.0,99.0,0.0,,,,,,
6,https://doi.org/10.1186/s12864-018-5156-1,Dataset6.2,real,,TopHat-Fusion,,35.0,226.0,261.0,99.0,0.35353535353535354,0.13409961685823754,0.19444444444444445,,,,
6,https://doi.org/10.1186/s12864-018-5156-1,Dataset6.2,real,,SOAPfuse,,41.0,20.0,61.0,99.0,0.41414141414141414,0.6721311475409836,0.5125,,,,
6,https://doi.org/10.1186/s12864-018-5156-1,Dataset6.2,real,,JAFFA,,28.0,14.0,42.0,99.0,0.2828282828282828,0.6666666666666666,0.39716312056737585,,,,
6,https://doi.org/10.1186/s12864-018-5156-1,Dataset6.3,real,,FuSeq,,7.0,14.0,21.0,11.0,0.6363636363636364,0.3333333333333333,0.43749999999999994,,,,
6,https://doi.org/10.1186/s12864-018-5156-1,Dataset6.3,real,,FusionMap,,3.0,16.0,19.0,11.0,0.2727272727272727,0.15789473684210525,0.19999999999999998,,,,
6,https://doi.org/10.1186/s12864-018-5156-1,Dataset6.3,real,,TRUP,,0.0,0.0,0.0,11.0,0.0,,,,,,
6,https://doi.org/10.1186/s12864-018-5156-1,Dataset6.3,real,,TopHat-Fusion,,4.0,25.0,29.0,11.0,0.36363636363636365,0.13793103448275862,0.2,,,,
6,https://doi.org/10.1186/s12864-018-5156-1,Dataset6.3,real,,SOAPfuse,,10.0,98.0,108.0,11.0,0.9090909090909091,0.09259259259259259,0.1680672268907563,,,,
6,https://doi.org/10.1186/s12864-018-5156-1,Dataset6.3,real,,JAFFA,,2.0,2.0,4.0,11.0,0.18181818181818182,0.5,0.26666666666666666,,,,
6,https://doi.org/10.1186/s12864-018-5156-1,Dataset6.4,real,run 8,FuSeq,,29.0,159.0,188.0,31.0,0.9354838709677419,0.15425531914893617,0.26484018264840187,,,,
6,https://doi.org/10.1186/s12864-018-5156-1,Dataset6.4,real,,FusionMap,,29.0,162.0,191.0,31.0,0.9354838709677419,0.1518324607329843,0.26126126126126126,,,,
6,https://doi.org/10.1186/s12864-018-5156-1,Dataset6.4,real,,TRUP,,20.0,189.0,209.0,31.0,0.6451612903225806,0.09569377990430622,0.16666666666666669,,,,
6,https://doi.org/10.1186/s12864-018-5156-1,Dataset6.4,real,,TopHat-Fusion,,29.0,279.0,308.0,31.0,0.9354838709677419,0.09415584415584416,0.1710914454277286,,,,
6,https://doi.org/10.1186/s12864-018-5156-1,Dataset6.4,real,,SOAPfuse,,22.0,277.0,299.0,31.0,0.7096774193548387,0.07357859531772576,0.13333333333333336,,,,
6,https://doi.org/10.1186/s12864-018-5156-1,Dataset6.4,real,,JAFFA,,30.0,874.0,904.0,31.0,0.967741935483871,0.033185840707964605,0.06417112299465241,,,,
7,https://doi.org/10.1080/15476286.2021.1940047,Dataset7.1,simulated,,Arriba,,67.03999999999999,39.37269841269841,106.4126984126984,80.0,0.838,0.63,0.7192643051771117,,,,
7,https://doi.org/10.1080/15476286.2021.1940047,Dataset7.1,simulated,,FuSeq,,,,,80.0,,,,,,,
7,https://doi.org/10.1080/15476286.2021.1940047,Dataset7.1,simulated,,InFusion,,55.279999999999994,6.142222222222223,61.42222222222222,80.0,0.691,0.9,0.7817724701445632,,,,
7,https://doi.org/10.1080/15476286.2021.1940047,Dataset7.1,simulated,,Pizzly,,43.52,5.934545454545457,49.45454545454546,80.0,0.544,0.88,0.6723595505617979,,,,
7,https://doi.org/10.1080/15476286.2021.1940047,Dataset7.1,simulated,,STAR-Fusion,,63.52,10.34046511627907,73.86046511627907,80.0,0.794,0.86,0.825683192261185,,,,
7,https://doi.org/10.1080/15476286.2021.1940047,Dataset7.1,simulated,,STARChip,,21.200000000000003,60.338461538461544,81.53846153846155,80.0,0.265,0.26,0.2624761904761905,,,,
7,https://doi.org/10.1080/15476286.2021.1940047,Dataset7.1,simulated,,EricScript,,49.44,8.048372093023254,57.48837209302325,80.0,0.618,0.86,0.7191880920162381,,,,
7,https://doi.org/10.1080/15476286.2021.1940047,Dataset7.1,simulated,,FusionCatcher,,51.760000000000005,16.345263157894735,68.10526315789474,80.0,0.647,0.76,0.6989623312011373,,,,
7,https://doi.org/10.1080/15476286.2021.1940047,Dataset7.1,simulated,,MapSplice,,30.560000000000006,3.395555555555557,33.95555555555556,80.0,0.38200000000000006,0.9,0.5363494539781591,,,,
7,https://doi.org/10.1080/15476286.2021.1940047,Dataset7.1,simulated,,ChimeraScan,,70.56,11.486511627906978,82.04651162790698,80.0,0.882,0.86,0.8708610792192881,,,,
7,https://doi.org/10.1080/15476286.2021.1940047,Dataset7.1,simulated,,JAFFA,,44.720000000000006,8.518095238095242,53.23809523809525,80.0,0.559,0.84,0.6712794853466763,,,,
7,https://doi.org/10.1080/15476286.2021.1940047,Dataset7.1,simulated,,ChimPipe,,28.24,4.5972093023255844,32.83720930232558,80.0,0.353,0.86,0.5005441055234954,,,,
7,https://doi.org/10.1080/15476286.2021.1940047,Dataset7.1,simulated,,SOAPfuse,,58.8,10.376470588235293,69.17647058823529,80.0,0.735,0.85,0.7883280757097793,,,,
7,https://doi.org/10.1080/15476286.2021.1940047,Dataset7.1,simulated,,TopHat-Fusion,,31.76,18.652698412698417,50.41269841269842,80.0,0.397,0.63,0.48706913339824726,,,,
7,https://doi.org/10.1080/15476286.2021.1940047,Dataset7.1,simulated,,INTEGRATE,,61.2,10.799999999999997,72.0,80.0,0.765,0.85,0.8052631578947368,,,,
7,https://doi.org/10.1080/15476286.2021.1940047,Dataset7.1,simulated,,ChimeRScope,,22.319999999999997,32.11902439024391,54.4390243902439,80.0,0.27899999999999997,0.41,0.3320464441219158,,,,
7,https://doi.org/10.1080/15476286.2021.1940047,Dataset7.2,simulated,,Pizzly,,196.0,72.49315068493149,268.4931506849315,250.0,0.784,0.73,0.7560369881109644,0.08333333333333333,5.0,1.0,
7,https://doi.org/10.1080/15476286.2021.1940047,Dataset7.2,simulated,,FuSeq,,211.00000000000003,123.92063492063491,334.92063492063494,250.0,0.8440000000000001,0.63,0.7214654002713704,0.5,8.0,2.0,
7,https://doi.org/10.1080/15476286.2021.1940047,Dataset7.2,simulated,,STARChip,,1.0,2.0303030303030303,3.0303030303030303,250.0,0.004,0.33,0.007904191616766467,0.5833333333333334,28.0,3.0,
7,https://doi.org/10.1080/15476286.2021.1940047,Dataset7.2,simulated,,Arriba,,233.0,65.71794871794873,298.71794871794873,250.0,0.932,0.78,0.8492523364485981,1.0,30.0,4.0,
7,https://doi.org/10.1080/15476286.2021.1940047,Dataset7.2,simulated,,STAR-Fusion,,172.0,66.88888888888889,238.88888888888889,250.0,0.688,0.72,0.7036363636363636,1.3333333333333333,36.0,5.0,
7,https://doi.org/10.1080/15476286.2021.1940047,Dataset7.2,simulated,,EricScript,,158.0,257.7894736842105,415.7894736842105,250.0,0.632,0.38,0.4746245059288538,4.666666666666667,5.0,6.0,
7,https://doi.org/10.1080/15476286.2021.1940047,Dataset7.2,simulated,,SOAPfuse,,204.0,47.85185185185185,251.85185185185185,250.0,0.816,0.81,0.8129889298892989,5.333333333333333,6.0,7.0,
7,https://doi.org/10.1080/15476286.2021.1940047,Dataset7.2,simulated,,INTEGRATE,,143.00000000000003,33.543209876543216,176.54320987654324,250.0,0.5720000000000001,0.81,0.6705065123010131,5.5,25.0,8.0,
7,https://doi.org/10.1080/15476286.2021.1940047,Dataset7.2,simulated,,InFusion,,166.0,41.5,207.5,250.0,0.664,0.8,0.7256830601092896,7.0,5.0,9.0,
7,https://doi.org/10.1080/15476286.2021.1940047,Dataset7.2,simulated,,JAFFA,,133.0,359.59259259259255,492.59259259259255,250.0,0.532,0.27,0.3582044887780549,7.666666666666667,40.0,10.0,
7,https://doi.org/10.1080/15476286.2021.1940047,Dataset7.2,simulated,,ChimeRScope,,55.99999999999999,743.9999999999998,799.9999999999998,250.0,0.22399999999999998,0.07,0.10666666666666667,8.5,56.0,11.0,
7,https://doi.org/10.1080/15476286.2021.1940047,Dataset7.2,simulated,,MapSplice,,158.0,1.5959595959595845,159.59595959595958,250.0,0.632,0.99,0.7714919852034526,12.166666666666666,6.0,12.0,
7,https://doi.org/10.1080/15476286.2021.1940047,Dataset7.2,simulated,,TopHat-Fusion,,102.0,83.45454545454544,185.45454545454544,250.0,0.408,0.55,0.46847599164926934,24.333333333333332,16.0,13.0,
7,https://doi.org/10.1080/15476286.2021.1940047,Dataset7.2,simulated,,ChimPipe,,190.0,14.301075268817186,204.3010752688172,250.0,0.76,0.93,0.8364497041420119,24.666666666666668,8.0,14.0,
7,https://doi.org/10.1080/15476286.2021.1940047,Dataset7.2,simulated,,FusionCatcher,,150.0,42.30769230769229,192.3076923076923,250.0,0.6,0.78,0.6782608695652174,27.0,15.0,15.0,
7,https://doi.org/10.1080/15476286.2021.1940047,Dataset7.2,simulated,,ChimeraScan,,204.0,319.0769230769231,523.0769230769231,250.0,0.816,0.39,0.5277611940298507,28.583333333333332,4.0,16.0,
7,https://doi.org/10.1080/15476286.2021.1940047,Dataset7.3,simulated,,Arriba,,227.0,67.80519480519479,294.8051948051948,250.0,0.908,0.77,0.8333253873659119,,,,
7,https://doi.org/10.1080/15476286.2021.1940047,Dataset7.3,simulated,,FuSeq,,208.00000000000003,89.1428571428572,297.1428571428572,250.0,0.8320000000000001,0.7,0.760313315926893,,,,
7,https://doi.org/10.1080/15476286.2021.1940047,Dataset7.3,simulated,,InFusion,,162.0,40.5,202.5,250.0,0.648,0.8,0.7160220994475139,,,,
7,https://doi.org/10.1080/15476286.2021.1940047,Dataset7.3,simulated,,Pizzly,,198.0,69.56756756756755,267.56756756756755,250.0,0.792,0.74,0.765117493472585,,,,
7,https://doi.org/10.1080/15476286.2021.1940047,Dataset7.3,simulated,,STAR-Fusion,,175.00000000000003,78.62318840579712,253.62318840579715,250.0,0.7000000000000001,0.69,0.6949640287769784,,,,
7,https://doi.org/10.1080/15476286.2021.1940047,Dataset7.3,simulated,,STARChip,,43.0,76.44444444444444,119.44444444444444,250.0,0.172,0.36,0.232781954887218,,,,
7,https://doi.org/10.1080/15476286.2021.1940047,Dataset7.3,simulated,,EricScript,,160.0,432.5925925925926,592.5925925925926,250.0,0.64,0.27,0.3797802197802198,,,,
7,https://doi.org/10.1080/15476286.2021.1940047,Dataset7.3,simulated,,FusionCatcher,,161.0,42.79746835443038,203.79746835443038,250.0,0.644,0.79,0.7095676429567642,,,,
7,https://doi.org/10.1080/15476286.2021.1940047,Dataset7.3,simulated,,MapSplice,,162.0,1.636363636363626,163.63636363636363,250.0,0.648,0.99,0.7832967032967033,,,,
7,https://doi.org/10.1080/15476286.2021.1940047,Dataset7.3,simulated,,ChimeraScan,,205.00000000000003,295.0000000000001,500.0000000000001,250.0,0.8200000000000001,0.41,0.5466666666666666,,,,
7,https://doi.org/10.1080/15476286.2021.1940047,Dataset7.3,simulated,,JAFFA,,177.0,455.1428571428571,632.1428571428571,250.0,0.708,0.28,0.4012955465587045,,,,
7,https://doi.org/10.1080/15476286.2021.1940047,Dataset7.3,simulated,,ChimPipe,,188.0,14.150537634408579,202.15053763440858,250.0,0.752,0.93,0.8315814506539835,,,,
7,https://doi.org/10.1080/15476286.2021.1940047,Dataset7.3,simulated,,SOAPfuse,,201.99999999999997,47.38271604938268,249.38271604938265,250.0,0.8079999999999999,0.81,0.8089987639060569,,,,
7,https://doi.org/10.1080/15476286.2021.1940047,Dataset7.3,simulated,,TopHat-Fusion,,89.00000000000001,69.92857142857143,158.92857142857144,250.0,0.35600000000000004,0.56,0.43528384279475985,,,,
7,https://doi.org/10.1080/15476286.2021.1940047,Dataset7.3,simulated,,INTEGRATE,,147.0,46.42105263157893,193.42105263157893,250.0,0.588,0.76,0.6630267062314541,,,,
7,https://doi.org/10.1080/15476286.2021.1940047,Dataset7.3,simulated,,ChimeRScope,,86.0,1142.5714285714284,1228.5714285714284,250.0,0.344,0.07,0.11632850241545895,,,,
7,https://doi.org/10.1080/15476286.2021.1940047,Dataset7.4,simulated,,Arriba,,226.0,60.07594936708858,286.0759493670886,250.0,0.904,0.79,0.8431641086186541,,,,
7,https://doi.org/10.1080/15476286.2021.1940047,Dataset7.4,simulated,,FuSeq,,207.0,93.0,300.0,250.0,0.828,0.69,0.7527272727272728,,,,
7,https://doi.org/10.1080/15476286.2021.1940047,Dataset7.4,simulated,,InFusion,,168.99999999999997,42.24999999999997,211.24999999999994,250.0,0.6759999999999999,0.8,0.7327913279132791,,,,
7,https://doi.org/10.1080/15476286.2021.1940047,Dataset7.4,simulated,,Pizzly,,197.0,58.844155844155836,255.84415584415584,250.0,0.788,0.77,0.7788960205391529,,,,
7,https://doi.org/10.1080/15476286.2021.1940047,Dataset7.4,simulated,,STAR-Fusion,,168.99999999999997,83.23880597014923,252.2388059701492,250.0,0.6759999999999999,0.67,0.6729866270430905,,,,
7,https://doi.org/10.1080/15476286.2021.1940047,Dataset7.4,simulated,,STARChip,,43.0,100.33333333333334,143.33333333333334,250.0,0.172,0.3,0.21864406779661016,,,,
7,https://doi.org/10.1080/15476286.2021.1940047,Dataset7.4,simulated,,EricScript,,150.0,426.9230769230769,576.9230769230769,250.0,0.6,0.26,0.3627906976744186,,,,
7,https://doi.org/10.1080/15476286.2021.1940047,Dataset7.4,simulated,,FusionCatcher,,165.0,64.16666666666669,229.16666666666669,250.0,0.66,0.72,0.6886956521739132,,,,
7,https://doi.org/10.1080/15476286.2021.1940047,Dataset7.4,simulated,,MapSplice,,152.0,1.5353535353535506,153.53535353535355,250.0,0.608,0.99,0.7533416770963706,,,,
7,https://doi.org/10.1080/15476286.2021.1940047,Dataset7.4,simulated,,ChimeraScan,,200.0,300.0,500.0,250.0,0.8,0.4,0.5333333333333333,,,,
7,https://doi.org/10.1080/15476286.2021.1940047,Dataset7.4,simulated,,JAFFA,,182.0,467.9999999999999,649.9999999999999,250.0,0.728,0.28,0.4044444444444445,,,,
7,https://doi.org/10.1080/15476286.2021.1940047,Dataset7.4,simulated,,ChimPipe,,177.0,15.391304347826065,192.39130434782606,250.0,0.708,0.92,0.80019656019656,,,,
7,https://doi.org/10.1080/15476286.2021.1940047,Dataset7.4,simulated,,SOAPfuse,,198.99999999999997,43.6829268292683,242.68292682926827,250.0,0.7959999999999999,0.82,0.8078217821782177,,,,
7,https://doi.org/10.1080/15476286.2021.1940047,Dataset7.4,simulated,,TopHat-Fusion,,68.0,51.298245614035096,119.2982456140351,250.0,0.272,0.57,0.3682660332541568,,,,
7,https://doi.org/10.1080/15476286.2021.1940047,Dataset7.4,simulated,,INTEGRATE,,139.0,36.94936708860757,175.94936708860757,250.0,0.556,0.79,0.6526597325408618,,,,
7,https://doi.org/10.1080/15476286.2021.1940047,Dataset7.4,simulated,,ChimeRScope,,85.0,977.5,1062.5,250.0,0.34,0.08,0.1295238095238095,,,,
7,https://doi.org/10.1080/15476286.2021.1940047,Dataset7.5,real,run 1,Pizzly,,20.025999999999996,981.2739999999999,1001.2999999999998,62.0,0.32299999999999995,0.02,0.03766763848396502,0.18333333333333332,5.0,1.0,
7,https://doi.org/10.1080/15476286.2021.1940047,Dataset7.5,real,,FuSeq,,29.016,74.61257142857141,103.62857142857142,62.0,0.46799999999999997,0.28,0.35037433155080216,0.6666666666666666,6.0,2.0,
7,https://doi.org/10.1080/15476286.2021.1940047,Dataset7.5,real,,STARChip,,0.0,0.0,0.0,62.0,0.0,0.0,,1.0,28.0,3.0,
7,https://doi.org/10.1080/15476286.2021.1940047,Dataset7.5,real,,Arriba,,6.013999999999999,54.12599999999999,60.13999999999999,62.0,0.09699999999999999,0.1,0.09847715736040609,1.25,30.0,4.0,
7,https://doi.org/10.1080/15476286.2021.1940047,Dataset7.5,real,,STAR-Fusion,,5.022,24.519176470588235,29.541176470588233,62.0,0.081,0.17,0.1097211155378486,2.8333333333333335,37.0,5.0,
7,https://doi.org/10.1080/15476286.2021.1940047,Dataset7.5,real,,FusionCatcher,,21.017999999999997,63.05399999999999,84.07199999999999,62.0,0.33899999999999997,0.25,0.28777589134125636,3.6666666666666665,16.0,6.0,
7,https://doi.org/10.1080/15476286.2021.1940047,Dataset7.5,real,,EricScript,,24.985999999999997,474.7339999999999,499.7199999999999,62.0,0.40299999999999997,0.05,0.08896247240618103,7.666666666666667,6.0,7.0,
7,https://doi.org/10.1080/15476286.2021.1940047,Dataset7.5,real,,JAFFA,,45.012,2205.5879999999997,2250.6,62.0,0.726,0.02,0.03892761394101877,8.666666666666666,5.0,8.0,
7,https://doi.org/10.1080/15476286.2021.1940047,Dataset7.5,real,,InFusion,,9.982000000000001,24.438689655172418,34.42068965517242,62.0,0.161,0.29,0.2070509977827051,11.5,5.0,9.0,
7,https://doi.org/10.1080/15476286.2021.1940047,Dataset7.5,real,,SOAPfuse,,41.974000000000004,30.39496551724139,72.36896551724139,62.0,0.677,0.58,0.6247573587907717,12.166666666666666,6.0,10.0,
7,https://doi.org/10.1080/15476286.2021.1940047,Dataset7.5,real,,ChimeraScan,,33.976,815.424,849.4,62.0,0.5479999999999999,0.04,0.0745578231292517,12.5,4.0,11.0,
7,https://doi.org/10.1080/15476286.2021.1940047,Dataset7.5,real,,INTEGRATE,,2.976,30.09066666666667,33.06666666666667,62.0,0.048,0.09,0.0626086956521739,14.666666666666666,23.0,12.0,
7,https://doi.org/10.1080/15476286.2021.1940047,Dataset7.5,real,,ChimeRScope,,2.976,71.42399999999999,74.39999999999999,62.0,0.048,0.04,0.04363636363636364,16.166666666666668,24.0,13.0,
7,https://doi.org/10.1080/15476286.2021.1940047,Dataset7.5,real,,TopHat-Fusion,,0.992,3.968,4.96,62.0,0.016,0.2,0.029629629629629627,24.166666666666668,14.0,14.0,
7,https://doi.org/10.1080/15476286.2021.1940047,Dataset7.5,real,,ChimPipe,,15.004,40.566370370370365,55.57037037037036,62.0,0.242,0.27,0.255234375,27.983333333333334,8.0,15.0,
7,https://doi.org/10.1080/15476286.2021.1940047,Dataset7.5,real,,MapSplice,,2.976,19.916307692307694,22.892307692307693,62.0,0.048,0.13,0.0701123595505618,43.083333333333336,6.0,16.0,
7,https://doi.org/10.1080/15476286.2021.1940047,Dataset7.6,real,run 3,Arriba,,22.005000000000003,135.17357142857145,157.17857142857144,27.0,0.8150000000000001,0.14,0.23895287958115186,,,,
7,https://doi.org/10.1080/15476286.2021.1940047,Dataset7.6,real,,FuSeq,,21.006,63.018,84.024,27.0,0.778,0.25,0.3784046692607004,,,,
7,https://doi.org/10.1080/15476286.2021.1940047,Dataset7.6,real,,InFusion,,19.008000000000003,42.30812903225807,61.316129032258075,27.0,0.7040000000000001,0.31,0.4304536489151874,,,,
7,https://doi.org/10.1080/15476286.2021.1940047,Dataset7.6,real,,Pizzly,,20.007,980.3430000000001,1000.35,27.0,0.741,0.02,0.03894875164257556,,,,
7,https://doi.org/10.1080/15476286.2021.1940047,Dataset7.6,real,,STAR-Fusion,,22.005000000000003,51.345000000000006,73.35000000000001,27.0,0.8150000000000001,0.3,0.4385650224215247,,,,
7,https://doi.org/10.1080/15476286.2021.1940047,Dataset7.6,real,,STARChip,,5.994,79.63457142857142,85.62857142857142,27.0,0.222,0.07,0.10643835616438356,,,,
7,https://doi.org/10.1080/15476286.2021.1940047,Dataset7.6,real,,EricScript,,16.011,107.15053846153846,123.16153846153846,27.0,0.593,0.13,0.21325034578146615,,,,
7,https://doi.org/10.1080/15476286.2021.1940047,Dataset7.6,real,,FusionCatcher,,20.007,24.453,44.46,27.0,0.741,0.45,0.5599496221662469,,,,
7,https://doi.org/10.1080/15476286.2021.1940047,Dataset7.6,real,,MapSplice,,17.01,21.649090909090912,38.659090909090914,27.0,0.63,0.44,0.5181308411214953,,,,
7,https://doi.org/10.1080/15476286.2021.1940047,Dataset7.6,real,,ChimeraScan,,23.004,2277.396,2300.4,27.0,0.8520000000000001,0.01,0.019767981438515082,,,,
7,https://doi.org/10.1080/15476286.2021.1940047,Dataset7.6,real,,JAFFA,,17.01,68.03999999999999,85.05,27.0,0.63,0.2,0.3036144578313253,,,,
7,https://doi.org/10.1080/15476286.2021.1940047,Dataset7.6,real,,ChimPipe,,18.009,42.021,60.03,27.0,0.667,0.3,0.41385729058945186,,,,
7,https://doi.org/10.1080/15476286.2021.1940047,Dataset7.6,real,,SOAPfuse,,20.007,97.68123529411764,117.68823529411765,27.0,0.741,0.17,0.27655323819978045,,,,
7,https://doi.org/10.1080/15476286.2021.1940047,Dataset7.6,real,,TopHat-Fusion,,11.988,27.972,39.96,27.0,0.444,0.3,0.35806451612903223,,,,
7,https://doi.org/10.1080/15476286.2021.1940047,Dataset7.6,real,,INTEGRATE,,16.011,34.023375,50.034375,27.0,0.593,0.32,0.41568455640744795,,,,
7,https://doi.org/10.1080/15476286.2021.1940047,Dataset7.6,real,,ChimeRScope,,9.99,132.72428571428568,142.7142857142857,27.0,0.37,0.07,0.11772727272727274,,,,
7,https://doi.org/10.1080/15476286.2021.1940047,Dataset7.7,real,run 3,Arriba,,45.045,110.28258620689657,155.32758620689657,99.0,0.455,0.29,0.35422818791946303,,,,
7,https://doi.org/10.1080/15476286.2021.1940047,Dataset7.7,real,,FuSeq,,35.046,50.43204878048781,85.47804878048781,99.0,0.354,0.41,0.37994764397905756,,,,
7,https://doi.org/10.1080/15476286.2021.1940047,Dataset7.7,real,,InFusion,,25.047,37.570499999999996,62.6175,99.0,0.253,0.4,0.30995405819295563,,,,
7,https://doi.org/10.1080/15476286.2021.1940047,Dataset7.7,real,,Pizzly,,40.986,983.6639999999999,1024.6499999999999,99.0,0.414,0.04,0.07295154185022026,,,,
7,https://doi.org/10.1080/15476286.2021.1940047,Dataset7.7,real,,STAR-Fusion,,40.986,33.533999999999985,74.51999999999998,99.0,0.414,0.55,0.4724066390041494,,,,
7,https://doi.org/10.1080/15476286.2021.1940047,Dataset7.7,real,,STARChip,,8.019,81.081,89.10000000000001,99.0,0.081,0.09,0.08526315789473685,,,,
7,https://doi.org/10.1080/15476286.2021.1940047,Dataset7.7,real,,EricScript,,22.968,97.91621052631578,120.88421052631578,99.0,0.23199999999999998,0.19,0.20890995260663506,,,,
7,https://doi.org/10.1080/15476286.2021.1940047,Dataset7.7,real,,FusionCatcher,,27.027,17.27955737704918,44.30655737704918,99.0,0.273,0.61,0.3771913929784825,,,,
7,https://doi.org/10.1080/15476286.2021.1940047,Dataset7.7,real,,MapSplice,,20.988,17.87866666666666,38.86666666666666,99.0,0.212,0.54,0.30446808510638296,,,,
7,https://doi.org/10.1080/15476286.2021.1940047,Dataset7.7,real,,ChimeraScan,,40.986,1325.214,1366.2,99.0,0.414,0.03,0.055945945945945944,,,,
7,https://doi.org/10.1080/15476286.2021.1940047,Dataset7.7,real,,JAFFA,,21.978,62.552769230769236,84.53076923076924,99.0,0.222,0.26,0.2395020746887967,,,,
7,https://doi.org/10.1080/15476286.2021.1940047,Dataset7.7,real,,ChimPipe,,28.017000000000003,31.593638297872346,59.61063829787235,99.0,0.28300000000000003,0.47,0.3532802124833998,,,,
7,https://doi.org/10.1080/15476286.2021.1940047,Dataset7.7,real,,SOAPfuse,,36.036,84.084,120.12,99.0,0.364,0.3,0.3289156626506024,,,,
7,https://doi.org/10.1080/15476286.2021.1940047,Dataset7.7,real,,TopHat-Fusion,,15.048,24.552,39.6,99.0,0.152,0.38,0.21714285714285714,,,,
7,https://doi.org/10.1080/15476286.2021.1940047,Dataset7.7,real,,INTEGRATE,,26.037000000000003,24.034153846153846,50.07115384615385,99.0,0.263,0.52,0.349323116219668,,,,
7,https://doi.org/10.1080/15476286.2021.1940047,Dataset7.7,real,,ChimeRScope,,17.028,124.87200000000001,141.9,99.0,0.172,0.12,0.14136986301369864,,,,
8,https://doi.org/10.1093/bioinformatics/btab249,Dataset8.1,simulated,,MetaFusion.top_3,,1989.0,90.0,2079.0,2500.0,0.7959999999999999,0.9570000000000001,0.8690000000000001,,,,
8,https://doi.org/10.1093/bioinformatics/btab249,Dataset8.1,simulated,,MetaFusion,,2091.0,164.0,2255.0,2500.0,0.836,0.927,0.879,,,,
8,https://doi.org/10.1093/bioinformatics/btab249,Dataset8.1,simulated,,Arriba,,2104.0,273.0,2377.0,2500.0,0.8420000000000001,0.885,0.863,,,,
8,https://doi.org/10.1093/bioinformatics/btab249,Dataset8.1,simulated,,STAR-Fusion,,1929.0,117.0,2046.0,2500.0,0.772,0.943,0.8490000000000001,,,,
8,https://doi.org/10.1093/bioinformatics/btab249,Dataset8.1,simulated,,STAR-SEQR,,1953.0,306.0,2259.0,2500.0,0.7809999999999999,0.865,0.821,,,,
8,https://doi.org/10.1093/bioinformatics/btab249,Dataset8.1,simulated,,deFuse,,1910.0,179.0,2089.0,2500.0,0.764,0.914,0.8320000000000001,,,,
8,https://doi.org/10.1093/bioinformatics/btab249,Dataset8.1,simulated,,EricScript,,1408.0,68.0,1476.0,2500.0,0.563,0.9540000000000001,0.708,,,,
8,https://doi.org/10.1093/bioinformatics/btab249,Dataset8.1,simulated,,INTEGRATE,,1727.0,325.0,2052.0,2500.0,0.691,0.8420000000000001,0.759,,,,
8,https://doi.org/10.1093/bioinformatics/btab249,Dataset8.1,simulated,,FusionMap,,1500.0,122.0,1622.0,2500.0,0.6,0.925,0.728,,,,
8,https://doi.org/10.1093/bioinformatics/btab249,Dataset8.2,simulated,run 4,MetaFusion.top_3,,2333.0,86.0,2419.0,2500.0,0.9329999999999999,0.9640000000000001,0.948,,,,
8,https://doi.org/10.1093/bioinformatics/btab249,Dataset8.2,simulated,,MetaFusion,,2389.0,147.0,2536.0,2500.0,0.956,0.9420000000000001,0.9490000000000001,,,,
8,https://doi.org/10.1093/bioinformatics/btab249,Dataset8.2,simulated,,Arriba,,2304.0,260.0,2564.0,2500.0,0.922,0.899,0.91,,,,
8,https://doi.org/10.1093/bioinformatics/btab249,Dataset8.2,simulated,,STAR-Fusion,,2250.0,170.0,2420.0,2500.0,0.9,0.93,0.915,,,,
8,https://doi.org/10.1093/bioinformatics/btab249,Dataset8.2,simulated,,STAR-SEQR,,2337.0,306.0,2643.0,2500.0,0.935,0.884,0.909,,,,
8,https://doi.org/10.1093/bioinformatics/btab249,Dataset8.2,simulated,,deFuse,,2191.0,312.0,2503.0,2500.0,0.8759999999999999,0.875,0.875,,,,
8,https://doi.org/10.1093/bioinformatics/btab249,Dataset8.2,simulated,,EricScript,,1722.0,445.0,2167.0,2500.0,0.6890000000000001,0.795,0.738,,,,
8,https://doi.org/10.1093/bioinformatics/btab249,Dataset8.2,simulated,,INTEGRATE,,1708.0,369.0,2077.0,2500.0,0.6829999999999999,0.8220000000000001,0.746,,,,
8,https://doi.org/10.1093/bioinformatics/btab249,Dataset8.2,simulated,,FusionMap,,1986.0,81.0,2067.0,2500.0,0.794,0.961,0.87,,,,
8,https://doi.org/10.1093/bioinformatics/btab249,Dataset8.6,simulated,run 2 tylko sim45,MetaFusion.top_3,,56.0,3.0,59.0,61.0,0.9179999999999999,0.9490000000000001,0.9329999999999999,,,,
8,https://doi.org/10.1093/bioinformatics/btab249,Dataset8.6,simulated,,MetaFusion,,57.0,12.0,69.0,61.0,0.934,0.826,0.877,,,,
8,https://doi.org/10.1093/bioinformatics/btab249,Dataset8.6,simulated,,Arriba,,56.0,17.0,73.0,61.0,0.9179999999999999,0.767,0.836,,,,
8,https://doi.org/10.1093/bioinformatics/btab249,Dataset8.6,simulated,,STAR-Fusion,,50.0,11.0,61.0,61.0,0.82,0.82,0.82,,,,
8,https://doi.org/10.1093/bioinformatics/btab249,Dataset8.6,simulated,,STAR-SEQR,,57.0,33.0,90.0,61.0,0.934,0.633,0.755,,,,
8,https://doi.org/10.1093/bioinformatics/btab249,Dataset8.6,simulated,,deFuse,,51.0,231.0,282.0,61.0,0.836,0.18100000000000002,0.298,,,,
8,https://doi.org/10.1093/bioinformatics/btab249,Dataset8.6,simulated,,EricScript,,40.0,262.0,302.0,61.0,0.6559999999999999,0.132,0.22,,,,
8,https://doi.org/10.1093/bioinformatics/btab249,Dataset8.6,simulated,,INTEGRATE,,45.0,186.0,231.0,61.0,0.738,0.195,0.308,,,,
8,https://doi.org/10.1093/bioinformatics/btab249,Dataset8.6,simulated,,FusionMap,,42.0,12.0,54.0,61.0,0.6890000000000001,0.778,0.731,,,,
8,https://doi.org/10.1093/bioinformatics/btab249,Dataset8.3,real,,MetaFusion.top_3,,40.0,27.0,67.0,53.0,0.755,0.597,0.667,,,,
8,https://doi.org/10.1093/bioinformatics/btab249,Dataset8.3,real,,MetaFusion,,42.0,37.0,79.0,53.0,0.792,0.532,0.636,,,,
8,https://doi.org/10.1093/bioinformatics/btab249,Dataset8.3,real,,Arriba,,42.0,148.0,190.0,53.0,0.792,0.221,0.34600000000000003,,,,
8,https://doi.org/10.1093/bioinformatics/btab249,Dataset8.3,real,,STAR-Fusion,,41.0,31.0,72.0,53.0,0.774,0.569,0.6559999999999999,,,,
8,https://doi.org/10.1093/bioinformatics/btab249,Dataset8.3,real,,STAR-SEQR,,39.0,119.0,158.0,53.0,0.736,0.247,0.37,,,,
8,https://doi.org/10.1093/bioinformatics/btab249,Dataset8.3,real,,deFuse,,34.0,123.0,157.0,53.0,0.642,0.217,0.324,,,,
8,https://doi.org/10.1093/bioinformatics/btab249,Dataset8.3,real,,EricScript,,29.0,118.0,147.0,53.0,0.547,0.19699999999999998,0.29,,,,
8,https://doi.org/10.1093/bioinformatics/btab249,Dataset8.3,real,,INTEGRATE,,37.0,39.0,76.0,53.0,0.698,0.48700000000000004,0.574,,,,
8,https://doi.org/10.1093/bioinformatics/btab249,Dataset8.3,real,,FusionMap,,30.0,74.0,104.0,53.0,0.5660000000000001,0.28800000000000003,0.382,,,,
8,https://doi.org/10.1093/bioinformatics/btab249,Dataset8.4,real,run 6,MetaFusion.top_3,,16.0,10.0,26.0,17.0,0.941,0.615,0.7440000000000001,,,,
8,https://doi.org/10.1093/bioinformatics/btab249,Dataset8.4,real,,MetaFusion,,17.0,26.0,43.0,17.0,1.0,0.395,0.5660000000000001,,,,
8,https://doi.org/10.1093/bioinformatics/btab249,Dataset8.4,real,,Arriba,,15.0,314.0,329.0,17.0,0.882,0.046,0.087,,,,
8,https://doi.org/10.1093/bioinformatics/btab249,Dataset8.4,real,,STAR-Fusion,,10.0,37.0,47.0,17.0,0.588,0.213,0.313,,,,
8,https://doi.org/10.1093/bioinformatics/btab249,Dataset8.4,real,,STAR-SEQR,,14.0,90.0,104.0,17.0,0.8240000000000001,0.135,0.23199999999999998,,,,
8,https://doi.org/10.1093/bioinformatics/btab249,Dataset8.4,real,,deFuse,,16.0,327.0,343.0,17.0,0.941,0.047,0.09,,,,
8,https://doi.org/10.1093/bioinformatics/btab249,Dataset8.4,real,,EricScript,,9.0,343.0,352.0,17.0,0.529,0.026000000000000002,0.05,,,,
8,https://doi.org/10.1093/bioinformatics/btab249,Dataset8.4,real,,INTEGRATE,,11.0,39.0,50.0,17.0,0.647,0.22,0.32799999999999996,,,,
8,https://doi.org/10.1093/bioinformatics/btab249,Dataset8.4,real,,FusionMap,,11.0,29.0,40.0,17.0,0.647,0.275,0.386,,,,
8,https://doi.org/10.1093/bioinformatics/btab249,Dataset8.7,real,,MetaFusion.top_3,,12.0,1.0,13.0,12.0,1.0,0.9229999999999999,0.96,,,,
8,https://doi.org/10.1093/bioinformatics/btab249,Dataset8.7,real,,MetaFusion,,12.0,1.0,13.0,12.0,1.0,0.9229999999999999,0.96,,,,
8,https://doi.org/10.1093/bioinformatics/btab249,Dataset8.7,real,,Arriba,,12.0,8.0,20.0,12.0,1.0,0.6,0.75,,,,
8,https://doi.org/10.1093/bioinformatics/btab249,Dataset8.7,real,,STAR-Fusion,,11.0,3.0,14.0,12.0,0.917,0.7859999999999999,0.846,,,,
8,https://doi.org/10.1093/bioinformatics/btab249,Dataset8.7,real,,STAR-SEQR,,12.0,3.0,15.0,12.0,1.0,0.8,0.889,,,,
8,https://doi.org/10.1093/bioinformatics/btab249,Dataset8.7,real,,deFuse,,10.0,6.0,16.0,12.0,0.833,0.625,0.7140000000000001,,,,
8,https://doi.org/10.1093/bioinformatics/btab249,Dataset8.7,real,,EricScript,,10.0,23.0,33.0,12.0,0.833,0.303,0.444,,,,
8,https://doi.org/10.1093/bioinformatics/btab249,Dataset8.7,real,,INTEGRATE,,5.0,5.0,10.0,12.0,0.41700000000000004,0.5,0.455,,,,
8,https://doi.org/10.1093/bioinformatics/btab249,Dataset8.7,real,,FusionMap,,12.0,3.0,15.0,12.0,1.0,0.8,0.889,,,,
9,https://doi.org/10.1101%2Fgr.186114.114,Dataset9,real,,INTEGRATE C,,,,,138.0,0.89,0.81,0.8481176470588235,,,,
9,https://doi.org/10.1101%2Fgr.186114.114,Dataset9,real,,INTEGRATE G,,,,,138.0,0.67,0.85,0.7493421052631579,,,,
9,https://doi.org/10.1101%2Fgr.186114.114,Dataset9,real,,INTEGRATE T,,,,,138.0,0.46,0.93,0.6155395683453238,,,,
9,https://doi.org/10.1101%2Fgr.186114.114,Dataset9,real,,INTEGRATE S,,,,,138.0,0.42,0.85,0.5622047244094488,,,,
9,https://doi.org/10.1101%2Fgr.186114.114,Dataset9,real,,nFuse,,45.0,,,138.0,0.33,0.44,0.37714285714285717,,,,
9,https://doi.org/10.1101%2Fgr.186114.114,Dataset9,real,,ChimeraScan,,,,,138.0,0.29,0.74,0.4166990291262136,,,,
9,https://doi.org/10.1101%2Fgr.186114.114,Dataset9,real,,FusionCatcher,,,,,138.0,0.25,0.95,0.39583333333333337,,,,
9,https://doi.org/10.1101%2Fgr.186114.114,Dataset9,real,,TopHat-Fusion,,,,,138.0,0.1,1.0,0.18181818181818182,,,,
9,https://doi.org/10.1101%2Fgr.186114.114,Dataset9,real,,pyPRADA,,,,,138.0,0.1,1.0,0.18181818181818182,,,,
9,https://doi.org/10.1101%2Fgr.186114.114,Dataset9,real,,TRUP,,,,,138.0,0.1,1.0,0.18181818181818182,,,,
9,https://doi.org/10.1101%2Fgr.186114.114,Dataset9,real,,Comrad,,,,,138.0,0.1,1.0,0.18181818181818182,,,,
9,https://doi.org/10.1101%2Fgr.186114.114,Dataset9,real,,BreakTrans,,,,,138.0,0.1,1.0,0.18181818181818182,,,,
10,https://doi.org/10.1186/s13073-015-0167-x,Dataset10.1,simulated,,JAFFA-Hybrid,,44.0,0.0,44.0,50.0,0.88,1.0,0.9361702127659575,,,,
10,https://doi.org/10.1186/s13073-015-0167-x,Dataset10.1,simulated,,JAFFA-Assembly,,39.0,0.0,39.0,50.0,0.78,1.0,0.8764044943820225,,,,
10,https://doi.org/10.1186/s13073-015-0167-x,Dataset10.1,simulated,,SOAPfuse,,37.0,1.0,38.0,50.0,0.74,0.9736842105263158,0.8409090909090909,,,,
10,https://doi.org/10.1186/s13073-015-0167-x,Dataset10.1,simulated,,JAFFA-Direct,,34.0,0.0,34.0,50.0,0.68,1.0,0.8095238095238095,,,,
10,https://doi.org/10.1186/s13073-015-0167-x,Dataset10.1,simulated,,deFuse,,34.0,0.0,34.0,50.0,0.68,1.0,0.8095238095238095,,,,
10,https://doi.org/10.1186/s13073-015-0167-x,Dataset10.1,simulated,,TopHat-Fusion,,27.0,0.0,27.0,50.0,0.54,1.0,0.7012987012987013,,,,
10,https://doi.org/10.1186/s13073-015-0167-x,Dataset10.1,simulated,,FusionCatcher,,,,,,,,,,,,
10,https://doi.org/10.1186/s13073-015-0167-x,Dataset10.2,real (cells),,JAFFA-Assembly,V1.06,28.0,13.0,41.0,99.0,0.2828282828282828,0.6829268292682927,0.4,,,,
10,https://doi.org/10.1186/s13073-015-0167-x,Dataset10.2,real (cells),,SOAPfuse,V1.26,41.0,19.0,60.0,99.0,0.41414141414141414,0.6833333333333333,0.5157232704402516,,,,
10,https://doi.org/10.1186/s13073-015-0167-x,Dataset10.2,real (cells),,deFuse,V0.6.2,29.0,45.0,74.0,99.0,0.29292929292929293,0.3918918918918919,0.3352601156069364,,,,
10,https://doi.org/10.1186/s13073-015-0167-x,Dataset10.2,real (cells),,TopHat-Fusion,2.0.13,35.0,221.0,256.0,99.0,0.35353535353535354,0.13671875,0.19718309859154928,,,,
10,https://doi.org/10.1186/s13073-015-0167-x,Dataset10.2,real (cells),,FusionCatcher,0.99.3D,27.0,4.0,31.0,99.0,0.2727272727272727,0.8709677419354839,0.4153846153846154,,,,
