observation_id,Benchmark,doi,Dataset,DatasetNumber,DatasetType,DatasetOrigin,run,ToolReported,Tool,tool_family,tool_version,TP,FP,TP_plus_FP,TruthTotal,Recall,Precision,F1,FN_reported,FN_recalculated,precision_recalculated,recall_recalculated,f1_recalculated,execution_time_h,memory_usage,time_ranking_in_set,Read_length,number_of_reads,has_f1,has_precision_recall,Is_Edgren,source_file,source_sheet,Benchmark_purpose,new_tool,FN,Is_Edgren_Binary
OBS0001,1,doi.org/10.1186/s13059-019-1842-9,Dataset1.1,1.1,simulated,Simulated,,STAR-SEQR,STAR-SEQR,STAR-SEQR,,445.0,2.0,,500.0,0.89,1.0,0.9417989417989416,,55.0,0.9955257270693513,0.89,0.9398099260823654,,,,50,30000000.0,True,True,False,Benchmarki_Agnieszka.xlsx,"Sensitivity, Precision",new_tool,"yes, STAR-Fusion and TrinityFusion",55.0,no
OBS0002,1,doi.org/10.1186/s13059-019-1842-9,Dataset1.1,1.1,simulated,Simulated,,Arriba,Arriba,Arriba,,443.0,11.0,,500.0,0.89,0.98,0.9328342245989304,,57.0,0.9757709251101322,0.886,0.9287211740041929,,,,50,30000000.0,True,True,False,Benchmarki_Agnieszka.xlsx,"Sensitivity, Precision",new_tool,"yes, STAR-Fusion and TrinityFusion",57.0,no
OBS0003,1,doi.org/10.1186/s13059-019-1842-9,Dataset1.1,1.1,simulated,Simulated,,STAR-Fusion,STAR-Fusion,STAR-Fusion,,422.0,9.0,,500.0,0.84,0.98,0.9046153846153846,,78.0,0.9791183294663574,0.844,0.9065520945220193,,,,50,30000000.0,True,True,False,Benchmarki_Agnieszka.xlsx,"Sensitivity, Precision",new_tool,"yes, STAR-Fusion and TrinityFusion",78.0,no
OBS0004,1,doi.org/10.1186/s13059-019-1842-9,Dataset1.1,1.1,simulated,Simulated,,JAFFA-Direct,JAFFA-Direct,JAFFA,,421.0,13.0,,500.0,0.84,0.97,0.9003314917127071,,79.0,0.9700460829493087,0.842,0.9014989293361882,,,,50,30000000.0,True,True,False,Benchmarki_Agnieszka.xlsx,"Sensitivity, Precision",new_tool,"yes, STAR-Fusion and TrinityFusion",79.0,no
OBS0005,1,doi.org/10.1186/s13059-019-1842-9,Dataset1.1,1.1,simulated,Simulated,,nFuse,nFuse,nFuse,,415.0,15.0,,500.0,0.83,0.97,0.8945555555555555,,85.0,0.9651162790697675,0.83,0.8924731182795699,,,,50,30000000.0,True,True,False,Benchmarki_Agnieszka.xlsx,"Sensitivity, Precision",new_tool,"yes, STAR-Fusion and TrinityFusion",85.0,no
OBS0006,1,doi.org/10.1186/s13059-019-1842-9,Dataset1.1,1.1,simulated,Simulated,,pizzly,Pizzly,Pizzly,,420.0,21.0,,500.0,0.84,0.95,0.8916201117318435,,80.0,0.9523809523809523,0.84,0.8926673751328373,,,,50,30000000.0,True,True,False,Benchmarki_Agnieszka.xlsx,"Sensitivity, Precision",new_tool,"yes, STAR-Fusion and TrinityFusion",80.0,no
OBS0007,1,doi.org/10.1186/s13059-019-1842-9,Dataset1.1,1.1,simulated,Simulated,,TopHat-Fusion,TopHat-Fusion,TopHat-Fusion,,403.0,5.0,,500.0,0.81,0.99,0.891,,97.0,0.9877450980392157,0.806,0.8876651982378855,,,,50,30000000.0,True,True,False,Benchmarki_Agnieszka.xlsx,"Sensitivity, Precision",new_tool,"yes, STAR-Fusion and TrinityFusion",97.0,no
OBS0008,1,doi.org/10.1186/s13059-019-1842-9,Dataset1.1,1.1,simulated,Simulated,,deFuse,deFuse,deFuse,,394.0,8.0,,500.0,0.79,0.98,0.8748022598870057,,106.0,0.9800995024875622,0.788,0.8736141906873615,,,,50,30000000.0,True,True,False,Benchmarki_Agnieszka.xlsx,"Sensitivity, Precision",new_tool,"yes, STAR-Fusion and TrinityFusion",106.0,no
OBS0009,1,doi.org/10.1186/s13059-019-1842-9,Dataset1.1,1.1,simulated,Simulated,,ARRIBA_hc,Arriba-hc,Arriba,,389.0,2.0,,500.0,0.78,0.99,0.8725423728813559,,111.0,0.9948849104859335,0.778,0.8731762065095398,,,,50,30000000.0,True,True,False,Benchmarki_Agnieszka.xlsx,"Sensitivity, Precision",new_tool,"yes, STAR-Fusion and TrinityFusion",111.0,no
OBS0010,1,doi.org/10.1186/s13059-019-1842-9,Dataset1.1,1.1,simulated,Simulated,,FusionCatcher,FusionCatcher,FusionCatcher,,387.0,8.0,,500.0,0.77,0.98,0.8624,,113.0,0.979746835443038,0.774,0.8648044692737431,,,,50,30000000.0,True,True,False,Benchmarki_Agnieszka.xlsx,"Sensitivity, Precision",new_tool,"yes, STAR-Fusion and TrinityFusion",113.0,no
OBS0011,1,doi.org/10.1186/s13059-019-1842-9,Dataset1.1,1.1,simulated,Simulated,,InFusion,InFusion,InFusion,,378.0,4.0,,500.0,0.76,0.99,0.8598857142857143,,122.0,0.9895287958115183,0.756,0.8571428571428572,,,,50,30000000.0,True,True,False,Benchmarki_Agnieszka.xlsx,"Sensitivity, Precision",new_tool,"yes, STAR-Fusion and TrinityFusion",122.0,no
OBS0012,1,doi.org/10.1186/s13059-019-1842-9,Dataset1.1,1.1,simulated,Simulated,,MapSplice,MapSplice,MapSplice,,363.0,1.0,,500.0,0.73,1.0,0.8439306358381503,,137.0,0.9972527472527473,0.726,0.8402777777777777,,,,50,30000000.0,True,True,False,Benchmarki_Agnieszka.xlsx,"Sensitivity, Precision",new_tool,"yes, STAR-Fusion and TrinityFusion",137.0,no
OBS0013,1,doi.org/10.1186/s13059-019-1842-9,Dataset1.1,1.1,simulated,Simulated,,STARChip,STARChip,STARChip,,363.0,3.0,,500.0,0.73,0.99,0.8403488372093023,,137.0,0.9918032786885246,0.726,0.8383371824480369,,,,50,30000000.0,True,True,False,Benchmarki_Agnieszka.xlsx,"Sensitivity, Precision",new_tool,"yes, STAR-Fusion and TrinityFusion",137.0,no
OBS0014,1,doi.org/10.1186/s13059-019-1842-9,Dataset1.1,1.1,simulated,Simulated,,TrinityFusion-C,TrinityFusion-C,TrinityFusion,,358.0,2.0,,500.0,0.72,0.99,0.8336842105263158,,142.0,0.9944444444444445,0.716,0.8325581395348838,,,,50,30000000.0,True,True,False,Benchmarki_Agnieszka.xlsx,"Sensitivity, Precision",new_tool,"yes, STAR-Fusion and TrinityFusion",142.0,no
OBS0015,1,doi.org/10.1186/s13059-019-1842-9,Dataset1.1,1.1,simulated,Simulated,,ChimeraScan,ChimeraScan,ChimeraScan,,416.0,84.0,,500.0,0.83,0.83,0.83,,84.0,0.832,0.832,0.832,,,,50,30000000.0,True,True,False,Benchmarki_Agnieszka.xlsx,"Sensitivity, Precision",new_tool,"yes, STAR-Fusion and TrinityFusion",84.0,no
OBS0016,1,doi.org/10.1186/s13059-019-1842-9,Dataset1.1,1.1,simulated,Simulated,,JAFFA-Hybrid,JAFFA-Hybrid,JAFFA,,360.0,10.0,,500.0,0.72,0.97,0.8265088757396449,,140.0,0.972972972972973,0.72,0.8275862068965518,,,,50,30000000.0,True,True,False,Benchmarki_Agnieszka.xlsx,"Sensitivity, Precision",new_tool,"yes, STAR-Fusion and TrinityFusion",140.0,no
OBS0017,1,doi.org/10.1186/s13059-019-1842-9,Dataset1.1,1.1,simulated,Simulated,,SOAPfuse,SOAPfuse,SOAPfuse,,344.0,2.0,,500.0,0.69,0.99,0.8132142857142857,,156.0,0.9942196531791907,0.688,0.8132387706855791,,,,50,30000000.0,True,True,False,Benchmarki_Agnieszka.xlsx,"Sensitivity, Precision",new_tool,"yes, STAR-Fusion and TrinityFusion",156.0,no
OBS0018,1,doi.org/10.1186/s13059-019-1842-9,Dataset1.1,1.1,simulated,Simulated,,TrinityFusion-UC,TrinityFusion-UC,TrinityFusion,,332.0,1.0,,500.0,0.66,1.0,0.7951807228915663,,168.0,0.996996996996997,0.664,0.7971188475390156,,,,50,30000000.0,True,True,False,Benchmarki_Agnieszka.xlsx,"Sensitivity, Precision",new_tool,"yes, STAR-Fusion and TrinityFusion",168.0,no
OBS0019,1,doi.org/10.1186/s13059-019-1842-9,Dataset1.1,1.1,simulated,Simulated,,EricScript,EricScript,EricScript,,343.0,31.0,,500.0,0.69,0.92,0.7885714285714287,,157.0,0.9171122994652406,0.686,0.7848970251716247,,,,50,30000000.0,True,True,False,Benchmarki_Agnieszka.xlsx,"Sensitivity, Precision",new_tool,"yes, STAR-Fusion and TrinityFusion",157.0,no
OBS0020,1,doi.org/10.1186/s13059-019-1842-9,Dataset1.1,1.1,simulated,Simulated,,JAFFA-Assembly,JAFFA-Assembly,JAFFA,,333.0,68.0,,500.0,0.67,0.83,0.7414666666666667,,167.0,0.830423940149626,0.666,0.7391786903440623,,,,50,30000000.0,True,True,False,Benchmarki_Agnieszka.xlsx,"Sensitivity, Precision",new_tool,"yes, STAR-Fusion and TrinityFusion",167.0,no
OBS0021,1,doi.org/10.1186/s13059-019-1842-9,Dataset1.1,1.1,simulated,Simulated,,PRADA,PRADA,PRADA,,278.0,1.0,,500.0,0.56,1.0,0.717948717948718,,222.0,0.996415770609319,0.556,0.7137355584082158,,,,50,30000000.0,True,True,False,Benchmarki_Agnieszka.xlsx,"Sensitivity, Precision",new_tool,"yes, STAR-Fusion and TrinityFusion",222.0,no
OBS0022,1,doi.org/10.1186/s13059-019-1842-9,Dataset1.1,1.1,simulated,Simulated,,ChimPipe,ChimPipe,ChimPipe,,281.0,2.0,,500.0,0.56,0.99,0.7153548387096774,,219.0,0.9929328621908127,0.562,0.7177522349936143,,,,50,30000000.0,True,True,False,Benchmarki_Agnieszka.xlsx,"Sensitivity, Precision",new_tool,"yes, STAR-Fusion and TrinityFusion",219.0,no
OBS0023,1,doi.org/10.1186/s13059-019-1842-9,Dataset1.1,1.1,simulated,Simulated,,TrinityFusion-D,TrinityFusion-D,TrinityFusion,,200.0,2.0,,500.0,0.4,0.99,0.5697841726618704,,300.0,0.9900990099009901,0.4,0.5698005698005699,,,,50,30000000.0,True,True,False,Benchmarki_Agnieszka.xlsx,"Sensitivity, Precision",new_tool,"yes, STAR-Fusion and TrinityFusion",300.0,no
OBS0024,1,doi.org/10.1186/s13059-019-1842-9,Dataset1.1,1.1,simulated,Simulated,,FusionHunter,FusionHunter,FusionHunter,,183.0,5.0,,500.0,0.37,0.97,0.5356716417910449,,317.0,0.973404255319149,0.366,0.5319767441860465,,,,50,30000000.0,True,True,False,Benchmarki_Agnieszka.xlsx,"Sensitivity, Precision",new_tool,"yes, STAR-Fusion and TrinityFusion",317.0,no
OBS0025,1,doi.org/10.1186/s13059-019-1842-9,Dataset1.2,1.2,simulated,Simulated,run4,STAR-SEQR,STAR-SEQR,STAR-SEQR,,2339.0,10.0,,2500.0,0.94,1.0,0.9690721649484536,161.0,161.0,0.9957428693060877,0.9356,0.9647349969065786,,,,100,30000000.0,True,True,False,Benchmarki_Agnieszka.xlsx,"Sensitivity, Precision",new_tool,"yes, STAR-Fusion and TrinityFusion",161.0,no
OBS0026,1,doi.org/10.1186/s13059-019-1842-9,Dataset1.2,1.2,simulated,Simulated,,Arriba,Arriba,Arriba,,2335.0,53.0,,2500.0,0.93,0.98,0.9543455497382198,,165.0,0.9778056951423786,0.934,0.9554009819967267,,,,100,30000000.0,True,True,False,Benchmarki_Agnieszka.xlsx,"Sensitivity, Precision",new_tool,"yes, STAR-Fusion and TrinityFusion",165.0,no
OBS0027,1,doi.org/10.1186/s13059-019-1842-9,Dataset1.2,1.2,simulated,Simulated,,STAR-Fusion,STAR-Fusion,STAR-Fusion,,2293.0,45.0,,2500.0,0.92,0.98,0.9490526315789476,,207.0,0.9807527801539777,0.9172,0.947912360479537,,,,100,30000000.0,True,True,False,Benchmarki_Agnieszka.xlsx,"Sensitivity, Precision",new_tool,"yes, STAR-Fusion and TrinityFusion",207.0,no
OBS0028,1,doi.org/10.1186/s13059-019-1842-9,Dataset1.2,1.2,simulated,Simulated,,pizzly,Pizzly,Pizzly,,2266.0,129.0,,2500.0,0.91,0.95,0.9295698924731184,,234.0,0.9461377870563674,0.9064,0.9258426966292134,,,,100,30000000.0,True,True,False,Benchmarki_Agnieszka.xlsx,"Sensitivity, Precision",new_tool,"yes, STAR-Fusion and TrinityFusion",234.0,no
OBS0029,1,doi.org/10.1186/s13059-019-1842-9,Dataset1.2,1.2,simulated,Simulated,,TopHat-Fusion,TopHat-Fusion,TopHat-Fusion,,2116.0,30.0,,2500.0,0.85,0.99,0.9146739130434784,,384.0,0.9860205032618826,0.8464,0.9108910891089108,,,,100,30000000.0,True,True,False,Benchmarki_Agnieszka.xlsx,"Sensitivity, Precision",new_tool,"yes, STAR-Fusion and TrinityFusion",384.0,no
OBS0030,1,doi.org/10.1186/s13059-019-1842-9,Dataset1.2,1.2,simulated,Simulated,,nFuse,nFuse,nFuse,,2170.0,94.0,,2500.0,0.87,0.96,0.9127868852459016,,330.0,0.9584805653710248,0.868,0.9109991603694374,,,,100,30000000.0,True,True,False,Benchmarki_Agnieszka.xlsx,"Sensitivity, Precision",new_tool,"yes, STAR-Fusion and TrinityFusion",330.0,no
OBS0031,1,doi.org/10.1186/s13059-019-1842-9,Dataset1.2,1.2,simulated,Simulated,,JAFFA-Direct,JAFFA-Direct,JAFFA,,2146.0,56.0,,2500.0,0.86,0.97,0.9116939890710382,,354.0,0.9745685740236149,0.8584,0.9128030625265844,,,,100,30000000.0,True,True,False,Benchmarki_Agnieszka.xlsx,"Sensitivity, Precision",new_tool,"yes, STAR-Fusion and TrinityFusion",354.0,no
OBS0032,1,doi.org/10.1186/s13059-019-1842-9,Dataset1.2,1.2,simulated,Simulated,,InFusion,InFusion,InFusion,,2068.0,17.0,,2500.0,0.83,0.99,0.9029670329670332,,432.0,0.9918465227817745,0.8272,0.9020719738276991,,,,100,30000000.0,True,True,False,Benchmarki_Agnieszka.xlsx,"Sensitivity, Precision",new_tool,"yes, STAR-Fusion and TrinityFusion",432.0,no
OBS0033,1,doi.org/10.1186/s13059-019-1842-9,Dataset1.2,1.2,simulated,Simulated,,FusionCatcher,FusionCatcher,FusionCatcher,,2075.0,38.0,,2500.0,0.83,0.98,0.8987845303867402,,425.0,0.9820160908660672,0.83,0.8996314762627358,,,,100,30000000.0,True,True,False,Benchmarki_Agnieszka.xlsx,"Sensitivity, Precision",new_tool,"yes, STAR-Fusion and TrinityFusion",425.0,no
OBS0034,1,doi.org/10.1186/s13059-019-1842-9,Dataset1.2,1.2,simulated,Simulated,,ARRIBA_hc,Arriba-hc,Arriba,,2034.0,15.0,,2500.0,0.81,0.99,0.891,,466.0,0.9926793557833089,0.8136,0.8942624752692899,,,,100,30000000.0,True,True,False,Benchmarki_Agnieszka.xlsx,"Sensitivity, Precision",new_tool,"yes, STAR-Fusion and TrinityFusion",466.0,no
OBS0035,1,doi.org/10.1186/s13059-019-1842-9,Dataset1.2,1.2,simulated,Simulated,,deFuse,deFuse,deFuse,,2064.0,78.0,,2500.0,0.83,0.96,0.8902793296089385,,436.0,0.9635854341736695,0.8256,0.8892718655751831,,,,100,30000000.0,True,True,False,Benchmarki_Agnieszka.xlsx,"Sensitivity, Precision",new_tool,"yes, STAR-Fusion and TrinityFusion",436.0,no
OBS0036,1,doi.org/10.1186/s13059-019-1842-9,Dataset1.2,1.2,simulated,Simulated,,STARChip,STARChip,STARChip,,2004.0,10.0,,2500.0,0.8,1.0,0.888888888888889,,496.0,0.9950347567030785,0.8016,0.8879042977403633,,,,100,30000000.0,True,True,False,Benchmarki_Agnieszka.xlsx,"Sensitivity, Precision",new_tool,"yes, STAR-Fusion and TrinityFusion",496.0,no
OBS0037,1,doi.org/10.1186/s13059-019-1842-9,Dataset1.2,1.2,simulated,Simulated,,MapSplice,MapSplice,MapSplice,,1967.0,6.0,,2500.0,0.79,1.0,0.8826815642458101,,533.0,0.9969589457678661,0.7868,0.8794992175273866,,,,100,30000000.0,True,True,False,Benchmarki_Agnieszka.xlsx,"Sensitivity, Precision",new_tool,"yes, STAR-Fusion and TrinityFusion",533.0,no
OBS0038,1,doi.org/10.1186/s13059-019-1842-9,Dataset1.2,1.2,simulated,Simulated,,TrinityFusion-C,TrinityFusion-C,TrinityFusion,,1963.0,12.0,,2500.0,0.79,0.99,0.8787640449438202,,537.0,0.9939240506329113,0.7852,0.8773184357541899,,,,100,30000000.0,True,True,False,Benchmarki_Agnieszka.xlsx,"Sensitivity, Precision",new_tool,"yes, STAR-Fusion and TrinityFusion",537.0,no
OBS0039,1,doi.org/10.1186/s13059-019-1842-9,Dataset1.2,1.2,simulated,Simulated,,ChimPipe,ChimPipe,ChimPipe,,1953.0,5.0,,2500.0,0.78,1.0,0.8764044943820225,,547.0,0.9974463738508682,0.7812,0.8761776581426649,,,,100,30000000.0,True,True,False,Benchmarki_Agnieszka.xlsx,"Sensitivity, Precision",new_tool,"yes, STAR-Fusion and TrinityFusion",547.0,no
OBS0040,1,doi.org/10.1186/s13059-019-1842-9,Dataset1.2,1.2,simulated,Simulated,,TrinityFusion-UC,TrinityFusion-UC,TrinityFusion,,1892.0,11.0,,2500.0,0.76,0.99,0.8598857142857143,,608.0,0.9942196531791907,0.7568,0.8594140358846242,,,,100,30000000.0,True,True,False,Benchmarki_Agnieszka.xlsx,"Sensitivity, Precision",new_tool,"yes, STAR-Fusion and TrinityFusion",608.0,no
OBS0041,1,doi.org/10.1186/s13059-019-1842-9,Dataset1.2,1.2,simulated,Simulated,,ChimeraScan,ChimeraScan,ChimeraScan,,2094.0,342.0,,2500.0,0.84,0.86,0.8498823529411764,,406.0,0.8596059113300493,0.8376,0.8484602917341978,,,,100,30000000.0,True,True,False,Benchmarki_Agnieszka.xlsx,"Sensitivity, Precision",new_tool,"yes, STAR-Fusion and TrinityFusion",406.0,no
OBS0042,1,doi.org/10.1186/s13059-019-1842-9,Dataset1.2,1.2,simulated,Simulated,,JAFFA-Hybrid,JAFFA-Hybrid,JAFFA,,1831.0,54.0,,2500.0,0.73,0.97,0.8330588235294117,,669.0,0.9713527851458886,0.7324,0.8351197263397948,,,,100,30000000.0,True,True,False,Benchmarki_Agnieszka.xlsx,"Sensitivity, Precision",new_tool,"yes, STAR-Fusion and TrinityFusion",669.0,no
OBS0043,1,doi.org/10.1186/s13059-019-1842-9,Dataset1.2,1.2,simulated,Simulated,,SOAPfuse,SOAPfuse,SOAPfuse,,1769.0,21.0,,2500.0,0.71,0.99,0.8269411764705882,,731.0,0.988268156424581,0.7076,0.8247086247086247,,,,100,30000000.0,True,True,False,Benchmarki_Agnieszka.xlsx,"Sensitivity, Precision",new_tool,"yes, STAR-Fusion and TrinityFusion",731.0,no
OBS0044,1,doi.org/10.1186/s13059-019-1842-9,Dataset1.2,1.2,simulated,Simulated,,EricScript,EricScript,EricScript,,1791.0,201.0,,2500.0,0.72,0.9,0.7999999999999999,,709.0,0.8990963855421686,0.7164,0.7974176313446126,,,,100,30000000.0,True,True,False,Benchmarki_Agnieszka.xlsx,"Sensitivity, Precision",new_tool,"yes, STAR-Fusion and TrinityFusion",709.0,no
OBS0045,1,doi.org/10.1186/s13059-019-1842-9,Dataset1.2,1.2,simulated,Simulated,,PRADA,PRADA,PRADA,,1643.0,2.0,,2500.0,0.66,1.0,0.7951807228915663,,857.0,0.9987841945288753,0.6572,0.7927623642943306,,,,100,30000000.0,True,True,False,Benchmarki_Agnieszka.xlsx,"Sensitivity, Precision",new_tool,"yes, STAR-Fusion and TrinityFusion",857.0,no
OBS0046,1,doi.org/10.1186/s13059-019-1842-9,Dataset1.2,1.2,simulated,Simulated,,JAFFA-Assembly,JAFFA-Assembly,JAFFA,,1620.0,228.0,,2500.0,0.65,0.88,0.7477124183006537,,880.0,0.8766233766233766,0.648,0.7451701931922723,,,,100,30000000.0,True,True,False,Benchmarki_Agnieszka.xlsx,"Sensitivity, Precision",new_tool,"yes, STAR-Fusion and TrinityFusion",880.0,no
OBS0047,1,doi.org/10.1186/s13059-019-1842-9,Dataset1.2,1.2,simulated,Simulated,,TrinityFusion-D,TrinityFusion-D,TrinityFusion,,1097.0,12.0,,2500.0,0.44,0.99,0.6092307692307692,,1403.0,0.9891794409377818,0.4388,0.6079246328622888,,,,100,30000000.0,True,True,False,Benchmarki_Agnieszka.xlsx,"Sensitivity, Precision",new_tool,"yes, STAR-Fusion and TrinityFusion",1403.0,no
OBS0048,1,doi.org/10.1186/s13059-019-1842-9,Dataset1.2,1.2,simulated,Simulated,,FusionHunter,FusionHunter,FusionHunter,,1091.0,17.0,,2500.0,0.44,0.98,0.6073239436619718,,1409.0,0.9846570397111913,0.4364,0.6047671840354767,,,,100,30000000.0,True,True,False,Benchmarki_Agnieszka.xlsx,"Sensitivity, Precision",new_tool,"yes, STAR-Fusion and TrinityFusion",1409.0,no
OBS0076,2,https://www.ncbi.nlm.nih.gov/pmc/articles/PMC7919457/,Dataset2.1,2.1,simulated,Simulated,,Arriba,Arriba,Arriba,v1.00,90.0,7.0,97.0,150.0,0.6,0.9278350515463918,0.7287449392712552,,60.0,0.9278350515463918,0.6,0.7287449392712552,1.0,38.0,1.0,75,40000000.0,True,True,False,Benchmarki_Agnieszka.xlsx,"Sensitivity, Precision",new_tool,"yes, Arriba",60.0,no
OBS0077,2,https://www.ncbi.nlm.nih.gov/pmc/articles/PMC7919457/,Dataset2.1,2.1,simulated,Simulated,,STAR-Fusion,STAR-Fusion,STAR-Fusion,v1.4.0,52.0,13.0,65.0,150.0,0.3466666666666667,0.8,0.4837209302325582,,98.0,0.8,0.3466666666666667,0.4837209302325582,2.0,38.0,2.0,75,40000000.0,True,True,False,Benchmarki_Agnieszka.xlsx,"Sensitivity, Precision",new_tool,"yes, Arriba",98.0,no
OBS0080,2,https://www.ncbi.nlm.nih.gov/pmc/articles/PMC7919457/,Dataset2.1,2.1,simulated,Simulated,,InFusion,InFusion,InFusion,v0.8,20.0,17.0,37.0,150.0,0.1333333333333333,0.5405405405405406,0.213903743315508,,130.0,0.5405405405405406,0.13333333333333333,0.213903743315508,14.0,5.0,5.0,75,40000000.0,True,True,False,Benchmarki_Agnieszka.xlsx,"Sensitivity, Precision",new_tool,"yes, Arriba",130.0,no
OBS0081,2,https://www.ncbi.nlm.nih.gov/pmc/articles/PMC7919457/,Dataset2.1,2.1,simulated,Simulated,,SOAPfuse,SOAPfuse,SOAPfuse,v1.27,56.0,12.0,68.0,150.0,0.3733333333333333,0.8235294117647058,0.5137614678899083,,94.0,0.8235294117647058,0.37333333333333335,0.5137614678899083,17.0,7.0,6.0,75,40000000.0,True,True,False,Benchmarki_Agnieszka.xlsx,"Sensitivity, Precision",new_tool,"yes, Arriba",94.0,no
OBS0090,2,https://www.ncbi.nlm.nih.gov/pmc/articles/PMC7919457/,Dataset2.3,2.3,real,Real,run 5,Arriba,Arriba,Arriba,v1.00,78.0,80.0,158.0,80.0,0.975,0.4936708860759494,0.6554621848739496,,2.0,0.4936708860759494,0.975,0.6554621848739496,1.0,39.0,1.0,100,297000000.0,True,True,True,Benchmarki_Agnieszka.xlsx,"Sensitivity, Precision",new_tool,"yes, Arriba",2.0,yes
OBS0091,2,https://www.ncbi.nlm.nih.gov/pmc/articles/PMC7919457/,Dataset2.3,2.3,real,Real,,STAR-Fusion,STAR-Fusion,STAR-Fusion,v1.4.0,38.0,10.0,48.0,80.0,0.475,0.7916666666666666,0.5937499999999999,,42.0,0.7916666666666666,0.475,0.5937499999999999,2.0,40.0,2.0,100,297000000.0,True,True,True,Benchmarki_Agnieszka.xlsx,"Sensitivity, Precision",new_tool,"yes, Arriba",42.0,yes
OBS0092,2,https://www.ncbi.nlm.nih.gov/pmc/articles/PMC7919457/,Dataset2.3,2.3,real,Real,,FusionCatcher,FusionCatcher,FusionCatcher,v1.00,42.0,200.0,242.0,80.0,0.525,0.1735537190082644,0.2608695652173914,,38.0,0.17355371900826447,0.525,0.2608695652173914,20.0,28.0,3.0,100,297000000.0,True,True,True,Benchmarki_Agnieszka.xlsx,"Sensitivity, Precision",new_tool,"yes, Arriba",38.0,yes
OBS0093,2,https://www.ncbi.nlm.nih.gov/pmc/articles/PMC7919457/,Dataset2.3,2.3,real,Real,,deFuse,deFuse,deFuse,v0.8.1,70.0,280.0,350.0,80.0,0.875,0.2,0.3255813953488372,,10.0,0.2,0.875,0.3255813953488372,25.0,5.0,4.0,100,297000000.0,True,True,True,Benchmarki_Agnieszka.xlsx,"Sensitivity, Precision",new_tool,"yes, Arriba",10.0,yes
OBS0094,2,https://www.ncbi.nlm.nih.gov/pmc/articles/PMC7919457/,Dataset2.3,2.3,real,Real,,InFusion,InFusion,InFusion,v0.8,60.0,350.0,410.0,80.0,0.75,0.1463414634146341,0.2448979591836734,,20.0,0.14634146341463414,0.75,0.2448979591836734,48.0,8.0,5.0,100,297000000.0,True,True,True,Benchmarki_Agnieszka.xlsx,"Sensitivity, Precision",new_tool,"yes, Arriba",20.0,yes
OBS0096,2,https://www.ncbi.nlm.nih.gov/pmc/articles/PMC7919457/,Dataset2.3,2.3,real,Real,,SOAPfuse,SOAPfuse,SOAPfuse,v1.27,44.0,280.0,324.0,80.0,0.55,0.1358024691358024,0.2178217821782178,,36.0,0.13580246913580246,0.55,0.2178217821782178,148.0,10.0,7.0,100,297000000.0,True,True,True,Benchmarki_Agnieszka.xlsx,"Sensitivity, Precision",new_tool,"yes, Arriba",36.0,yes
OBS0126,3,doi: 10.1038/srep21597,Dataset3.2,3.2,simulated,Simulated,,Bellerophontes,Bellerophontes,Bellerophontes,0.4.0.,33.0,,42.0,50.0,0.66,0.7857142857142857,0.717391304347826,,17.0,,0.66,0.717391304347826,0.1,9.25,2.0,75,8500000.0,True,True,False,Benchmarki_Agnieszka.xlsx,"Sensitivity, Precision",independent_comparison,no,17.0,no
OBS0149,5,DOI:10.1038/s41598-017-07070-6,Dataset5.3,5.3,simulated,Simulated,,Gfusion,GFusion,GFusion,,37.0,7.0,44.0,42.0,0.8809523809523809,0.8409090909090909,0.8604651162790699,,5.0,0.8409090909090909,0.8809523809523809,0.8604651162790699,,,,75,24000000.0,True,True,False,Benchmarki_Agnieszka.xlsx,"Sensitivity, Precision",new_tool,"yes, GFusion",5.0,no
OBS0150,5,DOI:10.1038/s41598-017-07070-6,Dataset5.3,5.3,simulated,Simulated,,TopHat-Fusion,TopHat-Fusion,TopHat-Fusion,,35.0,50.0,85.0,42.0,0.8333333333333334,0.4117647058823529,0.5511811023622047,,7.0,0.4117647058823529,0.8333333333333334,0.5511811023622047,,,,75,24000000.0,True,True,False,Benchmarki_Agnieszka.xlsx,"Sensitivity, Precision",new_tool,"yes, GFusion",7.0,no
OBS0151,5,DOI:10.1038/s41598-017-07070-6,Dataset5.3,5.3,simulated,Simulated,,FusionMap,FusionMap,FusionMap,,22.0,160.0,182.0,42.0,0.5238095238095238,0.1208791208791208,0.1964285714285714,,20.0,0.12087912087912088,0.5238095238095238,0.19642857142857142,,,,75,24000000.0,True,True,False,Benchmarki_Agnieszka.xlsx,"Sensitivity, Precision",new_tool,"yes, GFusion",20.0,no
OBS0152,5,DOI:10.1038/s41598-017-07070-6,Dataset5.3,5.3,simulated,Simulated,,JAFFA,JAFFA,JAFFA,,22.0,77.0,99.0,42.0,0.5238095238095238,0.2222222222222222,0.3120567375886524,,20.0,0.2222222222222222,0.5238095238095238,0.31205673758865243,,,,75,24000000.0,True,True,False,Benchmarki_Agnieszka.xlsx,"Sensitivity, Precision",new_tool,"yes, GFusion",20.0,no
OBS0153,5,DOI:10.1038/s41598-017-07070-6,Dataset5.3,5.3,simulated,Simulated,,ChimPipe,ChimPipe,ChimPipe,,9.0,13.0,22.0,42.0,0.2142857142857142,0.4090909090909091,0.28125,,33.0,0.4090909090909091,0.21428571428571427,0.28125,,,,75,24000000.0,True,True,False,Benchmarki_Agnieszka.xlsx,"Sensitivity, Precision",new_tool,"yes, GFusion",33.0,no
OBS0154,6,https://doi.org/10.1186/s12864-018-5156-1,Dataset6.1,6.1,real,Real,run 3,FuSeq,FuSeq,FuSeq,,22.0,31.0,53.0,27.0,0.8148148148148148,0.4150943396226415,0.55,,5.0,0.41509433962264153,0.8148148148148148,0.55,1.83,7.0,1.0,50,28000000.0,True,True,True,Benchmarki_Agnieszka.xlsx,"Sensitivity, Precision",new_tool,"yes, FuSeq",5.0,yes
OBS0155,6,https://doi.org/10.1186/s12864-018-5156-1,Dataset6.1,6.1,real,Real,,FusionMap,FusionMap,FusionMap,,12.0,35.0,47.0,27.0,0.4444444444444444,0.2553191489361702,0.3243243243243243,,15.0,0.2553191489361702,0.4444444444444444,0.32432432432432434,4.08,0.9,2.0,50,28000000.0,True,True,True,Benchmarki_Agnieszka.xlsx,"Sensitivity, Precision",new_tool,"yes, FuSeq",15.0,yes
OBS0157,6,https://doi.org/10.1186/s12864-018-5156-1,Dataset6.1,6.1,real,Real,,TopHat-Fusion,TopHat-Fusion,TopHat-Fusion,,24.0,237.0,261.0,27.0,0.8888888888888888,0.0919540229885057,0.1666666666666666,,3.0,0.09195402298850575,0.8888888888888888,0.16666666666666666,,,,50,28000000.0,True,True,True,Benchmarki_Agnieszka.xlsx,"Sensitivity, Precision",new_tool,"yes, FuSeq",3.0,yes
OBS0158,6,https://doi.org/10.1186/s12864-018-5156-1,Dataset6.1,6.1,real,Real,,SOAPfuse,SOAPfuse,SOAPfuse,,24.0,37.0,61.0,27.0,0.8888888888888888,0.3934426229508196,0.5454545454545455,,3.0,0.39344262295081966,0.8888888888888888,0.5454545454545455,,,,50,28000000.0,True,True,True,Benchmarki_Agnieszka.xlsx,"Sensitivity, Precision",new_tool,"yes, FuSeq",3.0,yes
OBS0159,6,https://doi.org/10.1186/s12864-018-5156-1,Dataset6.1,6.1,real,Real,,JAFFA,JAFFA,JAFFA,,20.0,22.0,42.0,27.0,0.7407407407407407,0.4761904761904761,0.5797101449275363,,7.0,0.47619047619047616,0.7407407407407407,0.5797101449275363,,,,50,28000000.0,True,True,True,Benchmarki_Agnieszka.xlsx,"Sensitivity, Precision",new_tool,"yes, FuSeq",7.0,yes
OBS0160,6,https://doi.org/10.1186/s12864-018-5156-1,Dataset6.2,6.2,real,Real,run 3,FuSeq,FuSeq,FuSeq,,22.0,31.0,53.0,99.0,0.2222222222222222,0.4150943396226415,0.2894736842105263,,77.0,0.41509433962264153,0.2222222222222222,0.2894736842105263,,,,50,28000000.0,True,True,True,Benchmarki_Agnieszka.xlsx,"Sensitivity, Precision",new_tool,"yes, FuSeq",77.0,yes
OBS0161,6,https://doi.org/10.1186/s12864-018-5156-1,Dataset6.2,6.2,real,Real,,FusionMap,FusionMap,FusionMap,,22.0,25.0,47.0,99.0,0.2222222222222222,0.4680851063829787,0.3013698630136986,,77.0,0.46808510638297873,0.2222222222222222,0.3013698630136986,,,,50,28000000.0,True,True,True,Benchmarki_Agnieszka.xlsx,"Sensitivity, Precision",new_tool,"yes, FuSeq",77.0,yes
OBS0163,6,https://doi.org/10.1186/s12864-018-5156-1,Dataset6.2,6.2,real,Real,,TopHat-Fusion,TopHat-Fusion,TopHat-Fusion,,35.0,226.0,261.0,99.0,0.3535353535353535,0.1340996168582375,0.1944444444444444,,64.0,0.13409961685823754,0.35353535353535354,0.19444444444444445,,,,50,28000000.0,True,True,True,Benchmarki_Agnieszka.xlsx,"Sensitivity, Precision",new_tool,"yes, FuSeq",64.0,yes
OBS0164,6,https://doi.org/10.1186/s12864-018-5156-1,Dataset6.2,6.2,real,Real,,SOAPfuse,SOAPfuse,SOAPfuse,,41.0,20.0,61.0,99.0,0.4141414141414141,0.6721311475409836,0.5125,,58.0,0.6721311475409836,0.41414141414141414,0.5125,,,,50,28000000.0,True,True,True,Benchmarki_Agnieszka.xlsx,"Sensitivity, Precision",new_tool,"yes, FuSeq",58.0,yes
OBS0165,6,https://doi.org/10.1186/s12864-018-5156-1,Dataset6.2,6.2,real,Real,,JAFFA,JAFFA,JAFFA,,28.0,14.0,42.0,99.0,0.2828282828282828,0.6666666666666666,0.3971631205673758,,71.0,0.6666666666666666,0.2828282828282828,0.39716312056737585,,,,50,28000000.0,True,True,True,Benchmarki_Agnieszka.xlsx,"Sensitivity, Precision",new_tool,"yes, FuSeq",71.0,yes
OBS0166,6,https://doi.org/10.1186/s12864-018-5156-1,Dataset6.3,6.3,real,Real,,FuSeq,FuSeq,FuSeq,,7.0,14.0,21.0,11.0,0.6363636363636364,0.3333333333333333,0.4374999999999999,,4.0,0.3333333333333333,0.6363636363636364,0.43749999999999994,,,,50,12000000.0,True,True,False,Benchmarki_Agnieszka.xlsx,"Sensitivity, Precision",new_tool,"yes, FuSeq",4.0,no
OBS0167,6,https://doi.org/10.1186/s12864-018-5156-1,Dataset6.3,6.3,real,Real,,FusionMap,FusionMap,FusionMap,,3.0,16.0,19.0,11.0,0.2727272727272727,0.1578947368421052,0.1999999999999999,,8.0,0.15789473684210525,0.2727272727272727,0.19999999999999998,,,,50,12000000.0,True,True,False,Benchmarki_Agnieszka.xlsx,"Sensitivity, Precision",new_tool,"yes, FuSeq",8.0,no
OBS0169,6,https://doi.org/10.1186/s12864-018-5156-1,Dataset6.3,6.3,real,Real,,TopHat-Fusion,TopHat-Fusion,TopHat-Fusion,,4.0,25.0,29.0,11.0,0.3636363636363636,0.1379310344827586,0.2,,7.0,0.13793103448275862,0.36363636363636365,0.2,,,,50,12000000.0,True,True,False,Benchmarki_Agnieszka.xlsx,"Sensitivity, Precision",new_tool,"yes, FuSeq",7.0,no
OBS0170,6,https://doi.org/10.1186/s12864-018-5156-1,Dataset6.3,6.3,real,Real,,SOAPfuse,SOAPfuse,SOAPfuse,,10.0,98.0,108.0,11.0,0.9090909090909092,0.0925925925925925,0.1680672268907563,,1.0,0.09259259259259259,0.9090909090909091,0.1680672268907563,,,,50,12000000.0,True,True,False,Benchmarki_Agnieszka.xlsx,"Sensitivity, Precision",new_tool,"yes, FuSeq",1.0,no
OBS0171,6,https://doi.org/10.1186/s12864-018-5156-1,Dataset6.3,6.3,real,Real,,JAFFA,JAFFA,JAFFA,,2.0,2.0,4.0,11.0,0.1818181818181818,0.5,0.2666666666666666,,9.0,0.5,0.18181818181818182,0.26666666666666666,,,,50,12000000.0,True,True,False,Benchmarki_Agnieszka.xlsx,"Sensitivity, Precision",new_tool,"yes, FuSeq",9.0,no
OBS0172,6,https://doi.org/10.1186/s12864-018-5156-1,Dataset6.4,6.4,real,Real,run 8,FuSeq,FuSeq,FuSeq,,29.0,159.0,188.0,31.0,0.935483870967742,0.1542553191489361,0.2648401826484018,,2.0,0.15425531914893617,0.9354838709677419,0.26484018264840187,,,,100,25000000.0,True,True,False,Benchmarki_Agnieszka.xlsx,"Sensitivity, Precision",new_tool,"yes, FuSeq",2.0,no
OBS0173,6,https://doi.org/10.1186/s12864-018-5156-1,Dataset6.4,6.4,real,Real,,FusionMap,FusionMap,FusionMap,,29.0,162.0,191.0,31.0,0.935483870967742,0.1518324607329843,0.2612612612612612,,2.0,0.1518324607329843,0.9354838709677419,0.26126126126126126,,,,100,25000000.0,True,True,False,Benchmarki_Agnieszka.xlsx,"Sensitivity, Precision",new_tool,"yes, FuSeq",2.0,no
OBS0174,6,https://doi.org/10.1186/s12864-018-5156-1,Dataset6.4,6.4,real,Real,,TRUP,TRUP,TRUP,,20.0,189.0,209.0,31.0,0.6451612903225806,0.0956937799043062,0.1666666666666666,,11.0,0.09569377990430622,0.6451612903225806,0.16666666666666669,,,,100,25000000.0,True,True,False,Benchmarki_Agnieszka.xlsx,"Sensitivity, Precision",new_tool,"yes, FuSeq",11.0,no
OBS0175,6,https://doi.org/10.1186/s12864-018-5156-1,Dataset6.4,6.4,real,Real,,TopHat-Fusion,TopHat-Fusion,TopHat-Fusion,,29.0,279.0,308.0,31.0,0.935483870967742,0.0941558441558441,0.1710914454277286,,2.0,0.09415584415584416,0.9354838709677419,0.1710914454277286,,,,100,25000000.0,True,True,False,Benchmarki_Agnieszka.xlsx,"Sensitivity, Precision",new_tool,"yes, FuSeq",2.0,no
OBS0176,6,https://doi.org/10.1186/s12864-018-5156-1,Dataset6.4,6.4,real,Real,,SOAPfuse,SOAPfuse,SOAPfuse,,22.0,277.0,299.0,31.0,0.7096774193548387,0.0735785953177257,0.1333333333333333,,9.0,0.07357859531772576,0.7096774193548387,0.13333333333333336,,,,100,25000000.0,True,True,False,Benchmarki_Agnieszka.xlsx,"Sensitivity, Precision",new_tool,"yes, FuSeq",9.0,no
OBS0177,6,https://doi.org/10.1186/s12864-018-5156-1,Dataset6.4,6.4,real,Real,,JAFFA,JAFFA,JAFFA,,30.0,874.0,904.0,31.0,0.967741935483871,0.0331858407079646,0.0641711229946524,,1.0,0.033185840707964605,0.967741935483871,0.06417112299465241,,,,100,25000000.0,True,True,False,Benchmarki_Agnieszka.xlsx,"Sensitivity, Precision",new_tool,"yes, FuSeq",1.0,no
OBS0178,7,https://doi.org/10.1080/15476286.2021.1940047,Dataset7.1,7.1,simulated,Simulated,,Arriba,Arriba,Arriba,,67.03999999999999,39.37269841269841,106.4126984126984,80.0,0.838,0.63,0.7192643051771117,,12.960000000000008,0.63,0.8379999999999999,0.7192643051771117,,,,75,307920.0,True,True,False,Benchmarki_Agnieszka.xlsx,"Sensitivity, Precision",independent_comparison,no,12.960000000000008,no
OBS0180,7,https://doi.org/10.1080/15476286.2021.1940047,Dataset7.1,7.1,simulated,Simulated,,InFusion,InFusion,InFusion,,55.279999999999994,6.142222222222223,61.42222222222222,80.0,0.691,0.9,0.7817724701445632,,24.720000000000006,0.9,0.691,0.7817724701445632,,,,75,307920.0,True,True,False,Benchmarki_Agnieszka.xlsx,"Sensitivity, Precision",independent_comparison,no,24.720000000000006,no
OBS0181,7,https://doi.org/10.1080/15476286.2021.1940047,Dataset7.1,7.1,simulated,Simulated,,pizzly,Pizzly,Pizzly,,43.52,5.934545454545457,49.45454545454546,80.0,0.544,0.88,0.6723595505617979,,36.48,0.88,0.544,0.6723595505617979,,,,75,307920.0,True,True,False,Benchmarki_Agnieszka.xlsx,"Sensitivity, Precision",independent_comparison,no,36.48,no
OBS0182,7,https://doi.org/10.1080/15476286.2021.1940047,Dataset7.1,7.1,simulated,Simulated,,STAR-Fusion,STAR-Fusion,STAR-Fusion,,63.52,10.34046511627907,73.86046511627907,80.0,0.794,0.86,0.825683192261185,,16.479999999999997,0.86,0.794,0.825683192261185,,,,75,307920.0,True,True,False,Benchmarki_Agnieszka.xlsx,"Sensitivity, Precision",independent_comparison,no,16.479999999999997,no
OBS0183,7,https://doi.org/10.1080/15476286.2021.1940047,Dataset7.1,7.1,simulated,Simulated,,STARChip,STARChip,STARChip,,21.200000000000003,60.338461538461544,81.53846153846155,80.0,0.265,0.26,0.2624761904761905,,58.8,0.26,0.265,0.2624761904761905,,,,75,307920.0,True,True,False,Benchmarki_Agnieszka.xlsx,"Sensitivity, Precision",independent_comparison,no,58.8,no
OBS0184,7,https://doi.org/10.1080/15476286.2021.1940047,Dataset7.1,7.1,simulated,Simulated,,EricScript,EricScript,EricScript,,49.44,8.048372093023254,57.48837209302325,80.0,0.618,0.86,0.7191880920162381,,30.560000000000002,0.86,0.618,0.7191880920162381,,,,75,307920.0,True,True,False,Benchmarki_Agnieszka.xlsx,"Sensitivity, Precision",independent_comparison,no,30.560000000000002,no
OBS0185,7,https://doi.org/10.1080/15476286.2021.1940047,Dataset7.1,7.1,simulated,Simulated,,FusionCatcher,FusionCatcher,FusionCatcher,,51.760000000000005,16.345263157894735,68.10526315789474,80.0,0.647,0.76,0.6989623312011373,,28.239999999999995,0.76,0.647,0.6989623312011373,,,,75,307920.0,True,True,False,Benchmarki_Agnieszka.xlsx,"Sensitivity, Precision",independent_comparison,no,28.239999999999995,no
OBS0186,7,https://doi.org/10.1080/15476286.2021.1940047,Dataset7.1,7.1,simulated,Simulated,,MapSplice,MapSplice,MapSplice,,30.56000000000001,3.395555555555557,33.95555555555556,80.0,0.382,0.9,0.5363494539781591,,49.44,0.9,0.38200000000000006,0.5363494539781591,,,,75,307920.0,True,True,False,Benchmarki_Agnieszka.xlsx,"Sensitivity, Precision",independent_comparison,no,49.43999999999999,no
OBS0187,7,https://doi.org/10.1080/15476286.2021.1940047,Dataset7.1,7.1,simulated,Simulated,,ChimeraScan,ChimeraScan,ChimeraScan,,70.56,11.486511627906978,82.04651162790698,80.0,0.882,0.86,0.8708610792192881,,9.439999999999998,0.86,0.882,0.8708610792192881,,,,75,307920.0,True,True,False,Benchmarki_Agnieszka.xlsx,"Sensitivity, Precision",independent_comparison,no,9.439999999999998,no
OBS0188,7,https://doi.org/10.1080/15476286.2021.1940047,Dataset7.1,7.1,simulated,Simulated,,JAFFA,JAFFA,JAFFA,,44.720000000000006,8.518095238095242,53.23809523809525,80.0,0.559,0.84,0.6712794853466763,,35.279999999999994,0.84,0.559,0.6712794853466763,,,,75,307920.0,True,True,False,Benchmarki_Agnieszka.xlsx,"Sensitivity, Precision",independent_comparison,no,35.279999999999994,no
OBS0189,7,https://doi.org/10.1080/15476286.2021.1940047,Dataset7.1,7.1,simulated,Simulated,,ChimPipe,ChimPipe,ChimPipe,,28.24,4.597209302325584,32.83720930232558,80.0,0.353,0.86,0.5005441055234954,,51.760000000000005,0.8599999999999999,0.353,0.5005441055234955,,,,75,307920.0,True,True,False,Benchmarki_Agnieszka.xlsx,"Sensitivity, Precision",independent_comparison,no,51.760000000000005,no
OBS0190,7,https://doi.org/10.1080/15476286.2021.1940047,Dataset7.1,7.1,simulated,Simulated,,SOAPfuse,SOAPfuse,SOAPfuse,,58.8,10.376470588235293,69.17647058823529,80.0,0.735,0.85,0.7883280757097793,,21.200000000000003,0.85,0.735,0.7883280757097793,,,,75,307920.0,True,True,False,Benchmarki_Agnieszka.xlsx,"Sensitivity, Precision",independent_comparison,no,21.200000000000003,no
OBS0191,7,https://doi.org/10.1080/15476286.2021.1940047,Dataset7.1,7.1,simulated,Simulated,,TopHat-Fusion,TopHat-Fusion,TopHat-Fusion,,31.76,18.652698412698417,50.41269841269842,80.0,0.397,0.63,0.4870691333982472,,48.239999999999995,0.63,0.397,0.48706913339824726,,,,75,307920.0,True,True,False,Benchmarki_Agnieszka.xlsx,"Sensitivity, Precision",independent_comparison,no,48.239999999999995,no
OBS0192,7,https://doi.org/10.1080/15476286.2021.1940047,Dataset7.1,7.1,simulated,Simulated,,INTEGRATE,INTEGRATE,INTEGRATE,,61.2,10.799999999999995,72.0,80.0,0.765,0.85,0.8052631578947368,,18.799999999999997,0.8500000000000001,0.765,0.8052631578947369,,,,75,307920.0,True,True,False,Benchmarki_Agnieszka.xlsx,"Sensitivity, Precision",independent_comparison,no,18.799999999999997,no
OBS0193,7,https://doi.org/10.1080/15476286.2021.1940047,Dataset7.1,7.1,simulated,Simulated,,ChimeRScope,ChimeRScope,ChimeRScope,,22.319999999999997,32.11902439024391,54.4390243902439,80.0,0.2789999999999999,0.41,0.3320464441219158,,57.68000000000001,0.41,0.27899999999999997,0.3320464441219158,,,,75,307920.0,True,True,False,Benchmarki_Agnieszka.xlsx,"Sensitivity, Precision",independent_comparison,no,57.68000000000001,no
OBS0194,7,https://doi.org/10.1080/15476286.2021.1940047,Dataset7.2,7.2,simulated,Simulated,,pizzly,Pizzly,Pizzly,,196.0,72.49315068493149,268.4931506849315,250.0,0.784,0.73,0.7560369881109644,,54.0,0.7300000000000001,0.784,0.7560369881109643,0.08333333333333333,5.0,1.0,50,64000000.0,True,True,False,Benchmarki_Agnieszka.xlsx,"Sensitivity, Precision",independent_comparison,no,54.0,no
OBS0195,7,https://doi.org/10.1080/15476286.2021.1940047,Dataset7.2,7.2,simulated,Simulated,,FuSeq,FuSeq,FuSeq,,211.00000000000003,123.92063492063492,334.92063492063494,250.0,0.8440000000000001,0.63,0.7214654002713704,,38.99999999999997,0.63,0.8440000000000001,0.7214654002713704,0.5,8.0,2.0,50,64000000.0,True,True,False,Benchmarki_Agnieszka.xlsx,"Sensitivity, Precision",independent_comparison,no,38.99999999999997,no
OBS0196,7,https://doi.org/10.1080/15476286.2021.1940047,Dataset7.2,7.2,simulated,Simulated,,STARChip,STARChip,STARChip,,1.0,2.0303030303030303,3.0303030303030303,250.0,0.004,0.33,0.0079041916167664,,249.0,0.33,0.004,0.007904191616766467,0.5833333333333334,28.0,3.0,50,64000000.0,True,True,False,Benchmarki_Agnieszka.xlsx,"Sensitivity, Precision",independent_comparison,no,249.0,no
OBS0197,7,https://doi.org/10.1080/15476286.2021.1940047,Dataset7.2,7.2,simulated,Simulated,,Arriba,Arriba,Arriba,,233.0,65.71794871794873,298.71794871794873,250.0,0.932,0.78,0.8492523364485981,,17.0,0.7799999999999999,0.932,0.8492523364485981,1.0,30.0,4.0,50,64000000.0,True,True,False,Benchmarki_Agnieszka.xlsx,"Sensitivity, Precision",independent_comparison,no,17.0,no
OBS0198,7,https://doi.org/10.1080/15476286.2021.1940047,Dataset7.2,7.2,simulated,Simulated,,STAR-Fusion,STAR-Fusion,STAR-Fusion,,172.0,66.88888888888889,238.88888888888889,250.0,0.688,0.72,0.7036363636363636,,78.0,0.72,0.688,0.7036363636363636,1.3333333333333333,36.0,5.0,50,64000000.0,True,True,False,Benchmarki_Agnieszka.xlsx,"Sensitivity, Precision",independent_comparison,no,78.0,no
OBS0199,7,https://doi.org/10.1080/15476286.2021.1940047,Dataset7.2,7.2,simulated,Simulated,,EricScript,EricScript,EricScript,,158.0,257.7894736842105,415.7894736842105,250.0,0.632,0.38,0.4746245059288538,,92.0,0.38,0.632,0.4746245059288538,4.666666666666667,5.0,6.0,50,64000000.0,True,True,False,Benchmarki_Agnieszka.xlsx,"Sensitivity, Precision",independent_comparison,no,92.0,no
OBS0200,7,https://doi.org/10.1080/15476286.2021.1940047,Dataset7.2,7.2,simulated,Simulated,,SOAPfuse,SOAPfuse,SOAPfuse,,204.0,47.85185185185185,251.85185185185185,250.0,0.816,0.81,0.8129889298892989,,46.0,0.81,0.816,0.8129889298892989,5.333333333333333,6.0,7.0,50,64000000.0,True,True,False,Benchmarki_Agnieszka.xlsx,"Sensitivity, Precision",independent_comparison,no,46.0,no
OBS0201,7,https://doi.org/10.1080/15476286.2021.1940047,Dataset7.2,7.2,simulated,Simulated,,INTEGRATE,INTEGRATE,INTEGRATE,,143.00000000000003,33.543209876543216,176.54320987654324,250.0,0.5720000000000001,0.81,0.6705065123010131,,106.99999999999997,0.81,0.5720000000000001,0.6705065123010131,5.5,25.0,8.0,50,64000000.0,True,True,False,Benchmarki_Agnieszka.xlsx,"Sensitivity, Precision",independent_comparison,no,106.99999999999997,no
OBS0202,7,https://doi.org/10.1080/15476286.2021.1940047,Dataset7.2,7.2,simulated,Simulated,,InFusion,InFusion,InFusion,,166.0,41.5,207.5,250.0,0.664,0.8,0.7256830601092896,,84.0,0.8,0.664,0.7256830601092896,7.0,5.0,9.0,50,64000000.0,True,True,False,Benchmarki_Agnieszka.xlsx,"Sensitivity, Precision",independent_comparison,no,84.0,no
OBS0203,7,https://doi.org/10.1080/15476286.2021.1940047,Dataset7.2,7.2,simulated,Simulated,,JAFFA,JAFFA,JAFFA,,133.0,359.59259259259255,492.59259259259255,250.0,0.532,0.27,0.3582044887780549,,117.0,0.27,0.532,0.3582044887780549,7.666666666666667,40.0,10.0,50,64000000.0,True,True,False,Benchmarki_Agnieszka.xlsx,"Sensitivity, Precision",independent_comparison,no,117.0,no
OBS0204,7,https://doi.org/10.1080/15476286.2021.1940047,Dataset7.2,7.2,simulated,Simulated,,ChimeRScope,ChimeRScope,ChimeRScope,,55.99999999999999,743.9999999999998,799.9999999999998,250.0,0.2239999999999999,0.07,0.1066666666666666,,194.0,0.07,0.22399999999999998,0.10666666666666667,8.5,56.0,11.0,50,64000000.0,True,True,False,Benchmarki_Agnieszka.xlsx,"Sensitivity, Precision",independent_comparison,no,194.0,no
OBS0205,7,https://doi.org/10.1080/15476286.2021.1940047,Dataset7.2,7.2,simulated,Simulated,,MapSplice,MapSplice,MapSplice,,158.0,1.5959595959595845,159.59595959595958,250.0,0.632,0.99,0.7714919852034526,,92.0,0.9900000000000001,0.632,0.7714919852034526,12.166666666666666,6.0,12.0,50,64000000.0,True,True,False,Benchmarki_Agnieszka.xlsx,"Sensitivity, Precision",independent_comparison,no,92.0,no
OBS0206,7,https://doi.org/10.1080/15476286.2021.1940047,Dataset7.2,7.2,simulated,Simulated,,TopHat-Fusion,TopHat-Fusion,TopHat-Fusion,,102.0,83.45454545454544,185.45454545454544,250.0,0.408,0.55,0.4684759916492693,,148.0,0.55,0.408,0.46847599164926934,24.333333333333332,16.0,13.0,50,64000000.0,True,True,False,Benchmarki_Agnieszka.xlsx,"Sensitivity, Precision",independent_comparison,no,148.0,no
OBS0207,7,https://doi.org/10.1080/15476286.2021.1940047,Dataset7.2,7.2,simulated,Simulated,,ChimPipe,ChimPipe,ChimPipe,,190.0,14.301075268817186,204.3010752688172,250.0,0.76,0.93,0.8364497041420119,,60.0,0.93,0.76,0.8364497041420119,24.666666666666668,8.0,14.0,50,64000000.0,True,True,False,Benchmarki_Agnieszka.xlsx,"Sensitivity, Precision",independent_comparison,no,60.0,no
OBS0208,7,https://doi.org/10.1080/15476286.2021.1940047,Dataset7.2,7.2,simulated,Simulated,,FusionCatcher,FusionCatcher,FusionCatcher,,150.0,42.30769230769229,192.3076923076923,250.0,0.6,0.78,0.6782608695652174,,100.0,0.78,0.6,0.6782608695652174,27.0,15.0,15.0,50,64000000.0,True,True,False,Benchmarki_Agnieszka.xlsx,"Sensitivity, Precision",independent_comparison,no,100.0,no
OBS0209,7,https://doi.org/10.1080/15476286.2021.1940047,Dataset7.2,7.2,simulated,Simulated,,ChimeraScan,ChimeraScan,ChimeraScan,,204.0,319.0769230769231,523.0769230769231,250.0,0.816,0.39,0.5277611940298507,,46.0,0.39,0.816,0.5277611940298507,28.583333333333332,4.0,16.0,50,64000000.0,True,True,False,Benchmarki_Agnieszka.xlsx,"Sensitivity, Precision",independent_comparison,no,46.0,no
OBS0210,7,https://doi.org/10.1080/15476286.2021.1940047,Dataset7.3,7.3,simulated,Simulated,,Arriba,Arriba,Arriba,,227.0,67.80519480519479,294.8051948051948,250.0,0.908,0.77,0.8333253873659119,,23.0,0.77,0.908,0.8333253873659119,,,,75,42000000.0,True,True,False,Benchmarki_Agnieszka.xlsx,"Sensitivity, Precision",independent_comparison,no,23.0,no
OBS0211,7,https://doi.org/10.1080/15476286.2021.1940047,Dataset7.3,7.3,simulated,Simulated,,FuSeq,FuSeq,FuSeq,,208.00000000000003,89.1428571428572,297.1428571428572,250.0,0.8320000000000001,0.7,0.760313315926893,,41.99999999999997,0.7,0.8320000000000001,0.760313315926893,,,,75,42000000.0,True,True,False,Benchmarki_Agnieszka.xlsx,"Sensitivity, Precision",independent_comparison,no,41.99999999999997,no
OBS0212,7,https://doi.org/10.1080/15476286.2021.1940047,Dataset7.3,7.3,simulated,Simulated,,InFusion,InFusion,InFusion,,162.0,40.5,202.5,250.0,0.648,0.8,0.7160220994475139,,88.0,0.8,0.648,0.7160220994475139,,,,75,42000000.0,True,True,False,Benchmarki_Agnieszka.xlsx,"Sensitivity, Precision",independent_comparison,no,88.0,no
OBS0213,7,https://doi.org/10.1080/15476286.2021.1940047,Dataset7.3,7.3,simulated,Simulated,,pizzly,Pizzly,Pizzly,,198.0,69.56756756756755,267.56756756756755,250.0,0.792,0.74,0.765117493472585,,52.0,0.7400000000000001,0.792,0.7651174934725851,,,,75,42000000.0,True,True,False,Benchmarki_Agnieszka.xlsx,"Sensitivity, Precision",independent_comparison,no,52.0,no
OBS0214,7,https://doi.org/10.1080/15476286.2021.1940047,Dataset7.3,7.3,simulated,Simulated,,STAR-Fusion,STAR-Fusion,STAR-Fusion,,175.00000000000003,78.62318840579712,253.62318840579715,250.0,0.7000000000000001,0.69,0.6949640287769784,,74.99999999999997,0.69,0.7000000000000001,0.6949640287769784,,,,75,42000000.0,True,True,False,Benchmarki_Agnieszka.xlsx,"Sensitivity, Precision",independent_comparison,no,74.99999999999997,no
OBS0215,7,https://doi.org/10.1080/15476286.2021.1940047,Dataset7.3,7.3,simulated,Simulated,,STARChip,STARChip,STARChip,,43.0,76.44444444444444,119.44444444444444,250.0,0.172,0.36,0.232781954887218,,207.0,0.36,0.172,0.232781954887218,,,,75,42000000.0,True,True,False,Benchmarki_Agnieszka.xlsx,"Sensitivity, Precision",independent_comparison,no,207.0,no
OBS0216,7,https://doi.org/10.1080/15476286.2021.1940047,Dataset7.3,7.3,simulated,Simulated,,EricScript,EricScript,EricScript,,160.0,432.5925925925926,592.5925925925926,250.0,0.64,0.27,0.3797802197802198,,90.0,0.27,0.64,0.3797802197802198,,,,75,42000000.0,True,True,False,Benchmarki_Agnieszka.xlsx,"Sensitivity, Precision",independent_comparison,no,90.0,no
OBS0217,7,https://doi.org/10.1080/15476286.2021.1940047,Dataset7.3,7.3,simulated,Simulated,,FusionCatcher,FusionCatcher,FusionCatcher,,161.0,42.79746835443038,203.79746835443038,250.0,0.644,0.79,0.7095676429567642,,89.0,0.79,0.644,0.7095676429567642,,,,75,42000000.0,True,True,False,Benchmarki_Agnieszka.xlsx,"Sensitivity, Precision",independent_comparison,no,89.0,no
OBS0218,7,https://doi.org/10.1080/15476286.2021.1940047,Dataset7.3,7.3,simulated,Simulated,,MapSplice,MapSplice,MapSplice,,162.0,1.636363636363626,163.63636363636363,250.0,0.648,0.99,0.7832967032967033,,88.0,0.9900000000000001,0.648,0.7832967032967033,,,,75,42000000.0,True,True,False,Benchmarki_Agnieszka.xlsx,"Sensitivity, Precision",independent_comparison,no,88.0,no
OBS0219,7,https://doi.org/10.1080/15476286.2021.1940047,Dataset7.3,7.3,simulated,Simulated,,ChimeraScan,ChimeraScan,ChimeraScan,,205.00000000000003,295.0000000000001,500.0000000000001,250.0,0.8200000000000001,0.41,0.5466666666666666,,44.99999999999997,0.41,0.8200000000000001,0.5466666666666666,,,,75,42000000.0,True,True,False,Benchmarki_Agnieszka.xlsx,"Sensitivity, Precision",independent_comparison,no,44.99999999999997,no
OBS0220,7,https://doi.org/10.1080/15476286.2021.1940047,Dataset7.3,7.3,simulated,Simulated,,JAFFA,JAFFA,JAFFA,,177.0,455.1428571428571,632.1428571428571,250.0,0.708,0.28,0.4012955465587045,,73.0,0.28,0.708,0.4012955465587045,,,,75,42000000.0,True,True,False,Benchmarki_Agnieszka.xlsx,"Sensitivity, Precision",independent_comparison,no,73.0,no
OBS0221,7,https://doi.org/10.1080/15476286.2021.1940047,Dataset7.3,7.3,simulated,Simulated,,ChimPipe,ChimPipe,ChimPipe,,188.0,14.15053763440858,202.15053763440858,250.0,0.752,0.93,0.8315814506539835,,62.0,0.9300000000000002,0.752,0.8315814506539834,,,,75,42000000.0,True,True,False,Benchmarki_Agnieszka.xlsx,"Sensitivity, Precision",independent_comparison,no,62.0,no
OBS0222,7,https://doi.org/10.1080/15476286.2021.1940047,Dataset7.3,7.3,simulated,Simulated,,SOAPfuse,SOAPfuse,SOAPfuse,,201.99999999999997,47.38271604938268,249.38271604938265,250.0,0.8079999999999999,0.81,0.8089987639060569,,48.00000000000003,0.81,0.8079999999999999,0.8089987639060569,,,,75,42000000.0,True,True,False,Benchmarki_Agnieszka.xlsx,"Sensitivity, Precision",independent_comparison,no,48.00000000000003,no
OBS0223,7,https://doi.org/10.1080/15476286.2021.1940047,Dataset7.3,7.3,simulated,Simulated,,TopHat-Fusion,TopHat-Fusion,TopHat-Fusion,,89.00000000000001,69.92857142857143,158.92857142857144,250.0,0.356,0.56,0.4352838427947598,,161.0,0.56,0.35600000000000004,0.43528384279475985,,,,75,42000000.0,True,True,False,Benchmarki_Agnieszka.xlsx,"Sensitivity, Precision",independent_comparison,no,161.0,no
OBS0224,7,https://doi.org/10.1080/15476286.2021.1940047,Dataset7.3,7.3,simulated,Simulated,,INTEGRATE,INTEGRATE,INTEGRATE,,147.0,46.42105263157893,193.42105263157893,250.0,0.588,0.76,0.6630267062314541,,103.0,0.7600000000000001,0.588,0.6630267062314541,,,,75,42000000.0,True,True,False,Benchmarki_Agnieszka.xlsx,"Sensitivity, Precision",independent_comparison,no,103.0,no
OBS0225,7,https://doi.org/10.1080/15476286.2021.1940047,Dataset7.3,7.3,simulated,Simulated,,ChimeRScope,ChimeRScope,ChimeRScope,,86.0,1142.5714285714284,1228.5714285714284,250.0,0.344,0.07,0.1163285024154589,,164.0,0.07,0.344,0.11632850241545895,,,,75,42000000.0,True,True,False,Benchmarki_Agnieszka.xlsx,"Sensitivity, Precision",independent_comparison,no,164.0,no
OBS0226,7,https://doi.org/10.1080/15476286.2021.1940047,Dataset7.4,7.4,simulated,Simulated,,Arriba,Arriba,Arriba,,226.0,60.07594936708858,286.0759493670886,250.0,0.904,0.79,0.8431641086186541,,24.0,0.79,0.904,0.8431641086186541,,,,100,31500000.0,True,True,False,Benchmarki_Agnieszka.xlsx,"Sensitivity, Precision",independent_comparison,no,24.0,no
OBS0227,7,https://doi.org/10.1080/15476286.2021.1940047,Dataset7.4,7.4,simulated,Simulated,,FuSeq,FuSeq,FuSeq,,207.0,93.0,300.0,250.0,0.828,0.69,0.7527272727272728,,43.0,0.69,0.828,0.7527272727272728,,,,100,31500000.0,True,True,False,Benchmarki_Agnieszka.xlsx,"Sensitivity, Precision",independent_comparison,no,43.0,no
OBS0228,7,https://doi.org/10.1080/15476286.2021.1940047,Dataset7.4,7.4,simulated,Simulated,,InFusion,InFusion,InFusion,,168.99999999999997,42.24999999999997,211.24999999999994,250.0,0.6759999999999999,0.8,0.7327913279132791,,81.00000000000003,0.8,0.6759999999999999,0.7327913279132791,,,,100,31500000.0,True,True,False,Benchmarki_Agnieszka.xlsx,"Sensitivity, Precision",independent_comparison,no,81.00000000000003,no
OBS0229,7,https://doi.org/10.1080/15476286.2021.1940047,Dataset7.4,7.4,simulated,Simulated,,pizzly,Pizzly,Pizzly,,197.0,58.84415584415584,255.84415584415584,250.0,0.788,0.77,0.7788960205391529,,53.0,0.77,0.788,0.7788960205391529,,,,100,31500000.0,True,True,False,Benchmarki_Agnieszka.xlsx,"Sensitivity, Precision",independent_comparison,no,53.0,no
OBS0230,7,https://doi.org/10.1080/15476286.2021.1940047,Dataset7.4,7.4,simulated,Simulated,,STAR-Fusion,STAR-Fusion,STAR-Fusion,,168.99999999999997,83.23880597014923,252.2388059701492,250.0,0.6759999999999999,0.67,0.6729866270430905,,81.00000000000003,0.67,0.6759999999999999,0.6729866270430905,,,,100,31500000.0,True,True,False,Benchmarki_Agnieszka.xlsx,"Sensitivity, Precision",independent_comparison,no,81.00000000000003,no
OBS0231,7,https://doi.org/10.1080/15476286.2021.1940047,Dataset7.4,7.4,simulated,Simulated,,STARChip,STARChip,STARChip,,43.0,100.33333333333334,143.33333333333334,250.0,0.172,0.3,0.2186440677966101,,207.0,0.3,0.172,0.21864406779661016,,,,100,31500000.0,True,True,False,Benchmarki_Agnieszka.xlsx,"Sensitivity, Precision",independent_comparison,no,207.0,no
OBS0232,7,https://doi.org/10.1080/15476286.2021.1940047,Dataset7.4,7.4,simulated,Simulated,,EricScript,EricScript,EricScript,,150.0,426.9230769230769,576.9230769230769,250.0,0.6,0.26,0.3627906976744186,,100.0,0.26,0.6,0.3627906976744186,,,,100,31500000.0,True,True,False,Benchmarki_Agnieszka.xlsx,"Sensitivity, Precision",independent_comparison,no,100.0,no
OBS0233,7,https://doi.org/10.1080/15476286.2021.1940047,Dataset7.4,7.4,simulated,Simulated,,FusionCatcher,FusionCatcher,FusionCatcher,,165.0,64.16666666666669,229.16666666666669,250.0,0.66,0.72,0.6886956521739132,,85.0,0.72,0.66,0.6886956521739132,,,,100,31500000.0,True,True,False,Benchmarki_Agnieszka.xlsx,"Sensitivity, Precision",independent_comparison,no,85.0,no
OBS0234,7,https://doi.org/10.1080/15476286.2021.1940047,Dataset7.4,7.4,simulated,Simulated,,MapSplice,MapSplice,MapSplice,,152.0,1.5353535353535506,153.53535353535355,250.0,0.608,0.99,0.7533416770963706,,98.0,0.9899999999999999,0.608,0.7533416770963705,,,,100,31500000.0,True,True,False,Benchmarki_Agnieszka.xlsx,"Sensitivity, Precision",independent_comparison,no,98.0,no
OBS0235,7,https://doi.org/10.1080/15476286.2021.1940047,Dataset7.4,7.4,simulated,Simulated,,ChimeraScan,ChimeraScan,ChimeraScan,,200.0,300.0,500.0,250.0,0.8,0.4,0.5333333333333333,,50.0,0.4,0.8,0.5333333333333333,,,,100,31500000.0,True,True,False,Benchmarki_Agnieszka.xlsx,"Sensitivity, Precision",independent_comparison,no,50.0,no
OBS0236,7,https://doi.org/10.1080/15476286.2021.1940047,Dataset7.4,7.4,simulated,Simulated,,JAFFA,JAFFA,JAFFA,,182.0,467.9999999999999,649.9999999999999,250.0,0.728,0.28,0.4044444444444445,,68.0,0.28,0.728,0.4044444444444445,,,,100,31500000.0,True,True,False,Benchmarki_Agnieszka.xlsx,"Sensitivity, Precision",independent_comparison,no,68.0,no
OBS0237,7,https://doi.org/10.1080/15476286.2021.1940047,Dataset7.4,7.4,simulated,Simulated,,ChimPipe,ChimPipe,ChimPipe,,177.0,15.391304347826065,192.39130434782606,250.0,0.708,0.92,0.80019656019656,,73.0,0.9200000000000002,0.708,0.8001965601965602,,,,100,31500000.0,True,True,False,Benchmarki_Agnieszka.xlsx,"Sensitivity, Precision",independent_comparison,no,73.0,no
OBS0238,7,https://doi.org/10.1080/15476286.2021.1940047,Dataset7.4,7.4,simulated,Simulated,,SOAPfuse,SOAPfuse,SOAPfuse,,198.99999999999997,43.6829268292683,242.68292682926827,250.0,0.7959999999999999,0.82,0.8078217821782177,,51.00000000000003,0.82,0.7959999999999999,0.8078217821782177,,,,100,31500000.0,True,True,False,Benchmarki_Agnieszka.xlsx,"Sensitivity, Precision",independent_comparison,no,51.00000000000003,no
OBS0239,7,https://doi.org/10.1080/15476286.2021.1940047,Dataset7.4,7.4,simulated,Simulated,,TopHat-Fusion,TopHat-Fusion,TopHat-Fusion,,68.0,51.298245614035096,119.2982456140351,250.0,0.272,0.57,0.3682660332541568,,182.0,0.57,0.272,0.3682660332541568,,,,100,31500000.0,True,True,False,Benchmarki_Agnieszka.xlsx,"Sensitivity, Precision",independent_comparison,no,182.0,no
OBS0240,7,https://doi.org/10.1080/15476286.2021.1940047,Dataset7.4,7.4,simulated,Simulated,,INTEGRATE,INTEGRATE,INTEGRATE,,139.0,36.94936708860757,175.94936708860757,250.0,0.556,0.79,0.6526597325408618,,111.0,0.7900000000000001,0.556,0.652659732540862,,,,100,31500000.0,True,True,False,Benchmarki_Agnieszka.xlsx,"Sensitivity, Precision",independent_comparison,no,111.0,no
OBS0241,7,https://doi.org/10.1080/15476286.2021.1940047,Dataset7.4,7.4,simulated,Simulated,,ChimeRScope,ChimeRScope,ChimeRScope,,85.0,977.5,1062.5,250.0,0.34,0.08,0.1295238095238095,,165.0,0.08,0.34,0.1295238095238095,,,,100,31500000.0,True,True,False,Benchmarki_Agnieszka.xlsx,"Sensitivity, Precision",independent_comparison,no,165.0,no
OBS0242,7,https://doi.org/10.1080/15476286.2021.1940047,Dataset7.5,7.5,real,Real,run 1,pizzly,Pizzly,Pizzly,,20.025999999999996,981.274,1001.2999999999998,62.0,0.3229999999999999,0.02,0.037667638483965,,41.974000000000004,0.02,0.32299999999999995,0.03766763848396502,0.18333333333333332,5.0,1.0,100,65000000.0,True,True,False,Benchmarki_Agnieszka.xlsx,"Sensitivity, Precision",independent_comparison,no,41.974000000000004,no
OBS0243,7,https://doi.org/10.1080/15476286.2021.1940047,Dataset7.5,7.5,real,Real,,FuSeq,FuSeq,FuSeq,,29.016,74.61257142857141,103.62857142857142,62.0,0.4679999999999999,0.28,0.3503743315508021,,32.984,0.28,0.46799999999999997,0.35037433155080216,0.6666666666666666,6.0,2.0,100,65000000.0,True,True,False,Benchmarki_Agnieszka.xlsx,"Sensitivity, Precision",independent_comparison,no,32.984,no
OBS0244,7,https://doi.org/10.1080/15476286.2021.1940047,Dataset7.5,7.5,real,Real,,STARChip,STARChip,STARChip,,0.0,0.0,0.0,62.0,0.0,0.0,0.0,,62.0,,0.0,0,1.0,28.0,3.0,100,65000000.0,True,True,False,Benchmarki_Agnieszka.xlsx,"Sensitivity, Precision",independent_comparison,no,62.0,no
OBS0245,7,https://doi.org/10.1080/15476286.2021.1940047,Dataset7.5,7.5,real,Real,,Arriba,Arriba,Arriba,,6.013999999999999,54.12599999999999,60.13999999999999,62.0,0.0969999999999999,0.1,0.098477157360406,,55.986000000000004,0.1,0.09699999999999999,0.09847715736040609,1.25,30.0,4.0,100,65000000.0,True,True,False,Benchmarki_Agnieszka.xlsx,"Sensitivity, Precision",independent_comparison,no,55.986000000000004,no
OBS0246,7,https://doi.org/10.1080/15476286.2021.1940047,Dataset7.5,7.5,real,Real,,STAR-Fusion,STAR-Fusion,STAR-Fusion,,5.022,24.519176470588235,29.541176470588233,62.0,0.081,0.17,0.1097211155378486,,56.978,0.17,0.081,0.1097211155378486,2.8333333333333335,37.0,5.0,100,65000000.0,True,True,False,Benchmarki_Agnieszka.xlsx,"Sensitivity, Precision",independent_comparison,no,56.978,no
OBS0247,7,https://doi.org/10.1080/15476286.2021.1940047,Dataset7.5,7.5,real,Real,,FusionCatcher,FusionCatcher,FusionCatcher,,21.017999999999997,63.05399999999999,84.07199999999999,62.0,0.3389999999999999,0.25,0.2877758913412563,,40.982,0.25,0.33899999999999997,0.28777589134125636,3.6666666666666665,16.0,6.0,100,65000000.0,True,True,False,Benchmarki_Agnieszka.xlsx,"Sensitivity, Precision",independent_comparison,no,40.982,no
OBS0248,7,https://doi.org/10.1080/15476286.2021.1940047,Dataset7.5,7.5,real,Real,,EricScript,EricScript,EricScript,,24.985999999999997,474.7339999999999,499.7199999999999,62.0,0.4029999999999999,0.05,0.088962472406181,,37.014,0.05,0.40299999999999997,0.08896247240618103,7.666666666666667,6.0,7.0,100,65000000.0,True,True,False,Benchmarki_Agnieszka.xlsx,"Sensitivity, Precision",independent_comparison,no,37.014,no
OBS0249,7,https://doi.org/10.1080/15476286.2021.1940047,Dataset7.5,7.5,real,Real,,JAFFA,JAFFA,JAFFA,,45.012,2205.5879999999997,2250.6,62.0,0.726,0.02,0.0389276139410187,,16.988,0.02,0.726,0.03892761394101877,8.666666666666666,5.0,8.0,100,65000000.0,True,True,False,Benchmarki_Agnieszka.xlsx,"Sensitivity, Precision",independent_comparison,no,16.988,no
OBS0250,7,https://doi.org/10.1080/15476286.2021.1940047,Dataset7.5,7.5,real,Real,,InFusion,InFusion,InFusion,,9.982,24.438689655172418,34.42068965517242,62.0,0.161,0.29,0.2070509977827051,,52.018,0.29,0.161,0.2070509977827051,11.5,5.0,9.0,100,65000000.0,True,True,False,Benchmarki_Agnieszka.xlsx,"Sensitivity, Precision",independent_comparison,no,52.018,no
OBS0251,7,https://doi.org/10.1080/15476286.2021.1940047,Dataset7.5,7.5,real,Real,,SOAPfuse,SOAPfuse,SOAPfuse,,41.974,30.39496551724139,72.36896551724139,62.0,0.677,0.58,0.6247573587907717,,20.025999999999996,0.58,0.677,0.6247573587907717,12.166666666666666,6.0,10.0,100,65000000.0,True,True,False,Benchmarki_Agnieszka.xlsx,"Sensitivity, Precision",independent_comparison,no,20.026000000000003,no
OBS0252,7,https://doi.org/10.1080/15476286.2021.1940047,Dataset7.5,7.5,real,Real,,ChimeraScan,ChimeraScan,ChimeraScan,,33.976,815.424,849.4,62.0,0.5479999999999999,0.04,0.0745578231292517,,28.024,0.04,0.5479999999999999,0.0745578231292517,12.5,4.0,11.0,100,65000000.0,True,True,False,Benchmarki_Agnieszka.xlsx,"Sensitivity, Precision",independent_comparison,no,28.024,no
OBS0253,7,https://doi.org/10.1080/15476286.2021.1940047,Dataset7.5,7.5,real,Real,,INTEGRATE,INTEGRATE,INTEGRATE,,2.976,30.09066666666667,33.06666666666667,62.0,0.048,0.09,0.0626086956521739,,59.024,0.09,0.048,0.0626086956521739,14.666666666666666,23.0,12.0,100,65000000.0,True,True,False,Benchmarki_Agnieszka.xlsx,"Sensitivity, Precision",independent_comparison,no,59.024,no
OBS0254,7,https://doi.org/10.1080/15476286.2021.1940047,Dataset7.5,7.5,real,Real,,ChimeRScope,ChimeRScope,ChimeRScope,,2.976,71.42399999999999,74.39999999999999,62.0,0.048,0.04,0.0436363636363636,,59.024,0.04,0.048,0.04363636363636364,16.166666666666668,24.0,13.0,100,65000000.0,True,True,False,Benchmarki_Agnieszka.xlsx,"Sensitivity, Precision",independent_comparison,no,59.024,no
OBS0255,7,https://doi.org/10.1080/15476286.2021.1940047,Dataset7.5,7.5,real,Real,,TopHat-Fusion,TopHat-Fusion,TopHat-Fusion,,0.992,3.968,4.96,62.0,0.016,0.2,0.0296296296296296,,61.008,0.2,0.016,0.029629629629629627,24.166666666666668,14.0,14.0,100,65000000.0,True,True,False,Benchmarki_Agnieszka.xlsx,"Sensitivity, Precision",independent_comparison,no,61.008,no
OBS0256,7,https://doi.org/10.1080/15476286.2021.1940047,Dataset7.5,7.5,real,Real,,ChimPipe,ChimPipe,ChimPipe,,15.004,40.566370370370365,55.57037037037036,62.0,0.242,0.27,0.255234375,,46.996,0.27,0.242,0.255234375,27.983333333333334,8.0,15.0,100,65000000.0,True,True,False,Benchmarki_Agnieszka.xlsx,"Sensitivity, Precision",independent_comparison,no,46.996,no
OBS0257,7,https://doi.org/10.1080/15476286.2021.1940047,Dataset7.5,7.5,real,Real,,MapSplice,MapSplice,MapSplice,,2.976,19.916307692307697,22.892307692307693,62.0,0.048,0.13,0.0701123595505618,,59.024,0.13,0.048,0.0701123595505618,43.083333333333336,6.0,16.0,100,65000000.0,True,True,False,Benchmarki_Agnieszka.xlsx,"Sensitivity, Precision",independent_comparison,no,59.024,no
OBS0258,7,https://doi.org/10.1080/15476286.2021.1940047,Dataset7.6,7.6,real,Real,run 3,Arriba,Arriba,Arriba,,22.005000000000003,135.17357142857145,157.17857142857144,27.0,0.8150000000000001,0.14,0.2389528795811518,,4.994999999999997,0.14,0.8150000000000001,0.23895287958115186,,,,50,21500000.0,True,True,True,Benchmarki_Agnieszka.xlsx,"Sensitivity, Precision",independent_comparison,no,4.994999999999997,yes
OBS0259,7,https://doi.org/10.1080/15476286.2021.1940047,Dataset7.6,7.6,real,Real,,FuSeq,FuSeq,FuSeq,,21.006,63.018,84.024,27.0,0.778,0.25,0.3784046692607004,,5.994,0.25,0.778,0.3784046692607004,,,,50,21500000.0,True,True,True,Benchmarki_Agnieszka.xlsx,"Sensitivity, Precision",independent_comparison,no,5.994,yes
OBS0260,7,https://doi.org/10.1080/15476286.2021.1940047,Dataset7.6,7.6,real,Real,,InFusion,InFusion,InFusion,,19.008000000000003,42.30812903225807,61.316129032258075,27.0,0.7040000000000001,0.31,0.4304536489151874,,7.991999999999997,0.31,0.7040000000000001,0.4304536489151874,,,,50,21500000.0,True,True,True,Benchmarki_Agnieszka.xlsx,"Sensitivity, Precision",independent_comparison,no,7.991999999999997,yes
OBS0261,7,https://doi.org/10.1080/15476286.2021.1940047,Dataset7.6,7.6,real,Real,,pizzly,Pizzly,Pizzly,,20.007,980.343,1000.35,27.0,0.741,0.02,0.0389487516425755,,6.9929999999999986,0.02,0.7410000000000001,0.03894875164257556,,,,50,21500000.0,True,True,True,Benchmarki_Agnieszka.xlsx,"Sensitivity, Precision",independent_comparison,no,6.9929999999999986,yes
OBS0262,7,https://doi.org/10.1080/15476286.2021.1940047,Dataset7.6,7.6,real,Real,,STAR-Fusion,STAR-Fusion,STAR-Fusion,,22.005000000000003,51.345000000000006,73.35000000000001,27.0,0.8150000000000001,0.3,0.4385650224215247,,4.994999999999997,0.3,0.8150000000000001,0.4385650224215247,,,,50,21500000.0,True,True,True,Benchmarki_Agnieszka.xlsx,"Sensitivity, Precision",independent_comparison,no,4.994999999999997,yes
OBS0263,7,https://doi.org/10.1080/15476286.2021.1940047,Dataset7.6,7.6,real,Real,,STARChip,STARChip,STARChip,,5.994,79.63457142857142,85.62857142857142,27.0,0.222,0.07,0.1064383561643835,,21.006,0.07,0.222,0.10643835616438356,,,,50,21500000.0,True,True,True,Benchmarki_Agnieszka.xlsx,"Sensitivity, Precision",independent_comparison,no,21.006,yes
OBS0264,7,https://doi.org/10.1080/15476286.2021.1940047,Dataset7.6,7.6,real,Real,,EricScript,EricScript,EricScript,,16.011,107.15053846153846,123.16153846153846,27.0,0.593,0.13,0.2132503457814661,,10.989,0.13,0.593,0.21325034578146615,,,,50,21500000.0,True,True,True,Benchmarki_Agnieszka.xlsx,"Sensitivity, Precision",independent_comparison,no,10.989,yes
OBS0265,7,https://doi.org/10.1080/15476286.2021.1940047,Dataset7.6,7.6,real,Real,,FusionCatcher,FusionCatcher,FusionCatcher,,20.007,24.453,44.46,27.0,0.741,0.45,0.5599496221662469,,6.9929999999999986,0.45,0.7410000000000001,0.559949622166247,,,,50,21500000.0,True,True,True,Benchmarki_Agnieszka.xlsx,"Sensitivity, Precision",independent_comparison,no,6.9929999999999986,yes
OBS0266,7,https://doi.org/10.1080/15476286.2021.1940047,Dataset7.6,7.6,real,Real,,MapSplice,MapSplice,MapSplice,,17.01,21.649090909090912,38.659090909090914,27.0,0.63,0.44,0.5181308411214953,,9.989999999999998,0.44,0.63,0.5181308411214953,,,,50,21500000.0,True,True,True,Benchmarki_Agnieszka.xlsx,"Sensitivity, Precision",independent_comparison,no,9.989999999999998,yes
OBS0267,7,https://doi.org/10.1080/15476286.2021.1940047,Dataset7.6,7.6,real,Real,,ChimeraScan,ChimeraScan,ChimeraScan,,23.004,2277.396,2300.4,27.0,0.8520000000000001,0.01,0.019767981438515,,3.9959999999999987,0.01,0.8520000000000001,0.019767981438515082,,,,50,21500000.0,True,True,True,Benchmarki_Agnieszka.xlsx,"Sensitivity, Precision",independent_comparison,no,3.9959999999999987,yes
OBS0268,7,https://doi.org/10.1080/15476286.2021.1940047,Dataset7.6,7.6,real,Real,,JAFFA,JAFFA,JAFFA,,17.01,68.03999999999999,85.05,27.0,0.63,0.2,0.3036144578313253,,9.989999999999998,0.20000000000000004,0.63,0.30361445783132535,,,,50,21500000.0,True,True,True,Benchmarki_Agnieszka.xlsx,"Sensitivity, Precision",independent_comparison,no,9.989999999999998,yes
OBS0269,7,https://doi.org/10.1080/15476286.2021.1940047,Dataset7.6,7.6,real,Real,,ChimPipe,ChimPipe,ChimPipe,,18.009,42.021,60.03,27.0,0.667,0.3,0.4138572905894518,,8.991,0.3,0.667,0.41385729058945186,,,,50,21500000.0,True,True,True,Benchmarki_Agnieszka.xlsx,"Sensitivity, Precision",independent_comparison,no,8.991,yes
OBS0270,7,https://doi.org/10.1080/15476286.2021.1940047,Dataset7.6,7.6,real,Real,,SOAPfuse,SOAPfuse,SOAPfuse,,20.007,97.68123529411764,117.68823529411765,27.0,0.741,0.17,0.2765532381997804,,6.9929999999999986,0.17,0.7410000000000001,0.27655323819978045,,,,50,21500000.0,True,True,True,Benchmarki_Agnieszka.xlsx,"Sensitivity, Precision",independent_comparison,no,6.9929999999999986,yes
OBS0271,7,https://doi.org/10.1080/15476286.2021.1940047,Dataset7.6,7.6,real,Real,,TopHat-Fusion,TopHat-Fusion,TopHat-Fusion,,11.988,27.972,39.96,27.0,0.444,0.3,0.3580645161290322,,15.012,0.3,0.444,0.35806451612903223,,,,50,21500000.0,True,True,True,Benchmarki_Agnieszka.xlsx,"Sensitivity, Precision",independent_comparison,no,15.012,yes
OBS0272,7,https://doi.org/10.1080/15476286.2021.1940047,Dataset7.6,7.6,real,Real,,INTEGRATE,INTEGRATE,INTEGRATE,,16.011,34.023375,50.034375,27.0,0.593,0.32,0.4156845564074479,,10.989,0.32,0.593,0.41568455640744795,,,,50,21500000.0,True,True,True,Benchmarki_Agnieszka.xlsx,"Sensitivity, Precision",independent_comparison,no,10.989,yes
OBS0273,7,https://doi.org/10.1080/15476286.2021.1940047,Dataset7.6,7.6,real,Real,,ChimeRScope,ChimeRScope,ChimeRScope,,9.99,132.72428571428568,142.7142857142857,27.0,0.37,0.07,0.1177272727272727,,17.009999999999998,0.07,0.37,0.11772727272727274,,,,50,21500000.0,True,True,True,Benchmarki_Agnieszka.xlsx,"Sensitivity, Precision",independent_comparison,no,17.009999999999998,yes
OBS0274,7,https://doi.org/10.1080/15476286.2021.1940047,Dataset7.7,7.7,real,Real,run 3,Arriba,Arriba,Arriba,,45.045,110.28258620689655,155.32758620689657,99.0,0.455,0.29,0.354228187919463,,53.955,0.29,0.455,0.35422818791946303,,,,50,21500000.0,True,True,True,Benchmarki_Agnieszka.xlsx,"Sensitivity, Precision",independent_comparison,no,53.955,yes
OBS0275,7,https://doi.org/10.1080/15476286.2021.1940047,Dataset7.7,7.7,real,Real,,FuSeq,FuSeq,FuSeq,,35.046,50.43204878048781,85.47804878048781,99.0,0.354,0.41,0.3799476439790575,,63.954,0.41,0.354,0.37994764397905756,,,,50,21500000.0,True,True,True,Benchmarki_Agnieszka.xlsx,"Sensitivity, Precision",independent_comparison,no,63.954,yes
OBS0276,7,https://doi.org/10.1080/15476286.2021.1940047,Dataset7.7,7.7,real,Real,,InFusion,InFusion,InFusion,,25.047,37.5705,62.6175,99.0,0.253,0.4,0.3099540581929556,,73.953,0.4000000000000001,0.253,0.3099540581929557,,,,50,21500000.0,True,True,True,Benchmarki_Agnieszka.xlsx,"Sensitivity, Precision",independent_comparison,no,73.953,yes
OBS0277,7,https://doi.org/10.1080/15476286.2021.1940047,Dataset7.7,7.7,real,Real,,pizzly,Pizzly,Pizzly,,40.986,983.664,1024.6499999999999,99.0,0.414,0.04,0.0729515418502202,,58.014,0.04,0.414,0.07295154185022026,,,,50,21500000.0,True,True,True,Benchmarki_Agnieszka.xlsx,"Sensitivity, Precision",independent_comparison,no,58.014,yes
OBS0278,7,https://doi.org/10.1080/15476286.2021.1940047,Dataset7.7,7.7,real,Real,,STAR-Fusion,STAR-Fusion,STAR-Fusion,,40.986,33.533999999999985,74.51999999999998,99.0,0.414,0.55,0.4724066390041494,,58.014,0.55,0.414,0.4724066390041494,,,,50,21500000.0,True,True,True,Benchmarki_Agnieszka.xlsx,"Sensitivity, Precision",independent_comparison,no,58.014,yes
OBS0279,7,https://doi.org/10.1080/15476286.2021.1940047,Dataset7.7,7.7,real,Real,,STARChip,STARChip,STARChip,,8.019,81.081,89.10000000000001,99.0,0.081,0.09,0.0852631578947368,,90.981,0.09,0.081,0.08526315789473685,,,,50,21500000.0,True,True,True,Benchmarki_Agnieszka.xlsx,"Sensitivity, Precision",independent_comparison,no,90.981,yes
OBS0280,7,https://doi.org/10.1080/15476286.2021.1940047,Dataset7.7,7.7,real,Real,,EricScript,EricScript,EricScript,,22.968,97.91621052631578,120.88421052631578,99.0,0.2319999999999999,0.19,0.208909952606635,,76.032,0.19,0.232,0.20890995260663506,,,,50,21500000.0,True,True,True,Benchmarki_Agnieszka.xlsx,"Sensitivity, Precision",independent_comparison,no,76.032,yes
OBS0281,7,https://doi.org/10.1080/15476286.2021.1940047,Dataset7.7,7.7,real,Real,,FusionCatcher,FusionCatcher,FusionCatcher,,27.027,17.27955737704918,44.30655737704918,99.0,0.273,0.61,0.3771913929784825,,71.973,0.61,0.273,0.3771913929784825,,,,50,21500000.0,True,True,True,Benchmarki_Agnieszka.xlsx,"Sensitivity, Precision",independent_comparison,no,71.973,yes
OBS0282,7,https://doi.org/10.1080/15476286.2021.1940047,Dataset7.7,7.7,real,Real,,MapSplice,MapSplice,MapSplice,,20.988,17.87866666666666,38.86666666666666,99.0,0.212,0.54,0.3044680851063829,,78.012,0.54,0.212,0.30446808510638296,,,,50,21500000.0,True,True,True,Benchmarki_Agnieszka.xlsx,"Sensitivity, Precision",independent_comparison,no,78.012,yes
OBS0283,7,https://doi.org/10.1080/15476286.2021.1940047,Dataset7.7,7.7,real,Real,,ChimeraScan,ChimeraScan,ChimeraScan,,40.986,1325.214,1366.2,99.0,0.414,0.03,0.0559459459459459,,58.014,0.029999999999999995,0.414,0.05594594594594594,,,,50,21500000.0,True,True,True,Benchmarki_Agnieszka.xlsx,"Sensitivity, Precision",independent_comparison,no,58.014,yes
OBS0284,7,https://doi.org/10.1080/15476286.2021.1940047,Dataset7.7,7.7,real,Real,,JAFFA,JAFFA,JAFFA,,21.978,62.55276923076923,84.53076923076924,99.0,0.222,0.26,0.2395020746887967,,77.02199999999999,0.26,0.222,0.2395020746887967,,,,50,21500000.0,True,True,True,Benchmarki_Agnieszka.xlsx,"Sensitivity, Precision",independent_comparison,no,77.02199999999999,yes
OBS0285,7,https://doi.org/10.1080/15476286.2021.1940047,Dataset7.7,7.7,real,Real,,ChimPipe,ChimPipe,ChimPipe,,28.017000000000003,31.593638297872342,59.61063829787235,99.0,0.283,0.47,0.3532802124833998,,70.983,0.47,0.28300000000000003,0.3532802124833998,,,,50,21500000.0,True,True,True,Benchmarki_Agnieszka.xlsx,"Sensitivity, Precision",independent_comparison,no,70.983,yes
OBS0286,7,https://doi.org/10.1080/15476286.2021.1940047,Dataset7.7,7.7,real,Real,,SOAPfuse,SOAPfuse,SOAPfuse,,36.036,84.084,120.12,99.0,0.364,0.3,0.3289156626506024,,62.964,0.3,0.364,0.3289156626506024,,,,50,21500000.0,True,True,True,Benchmarki_Agnieszka.xlsx,"Sensitivity, Precision",independent_comparison,no,62.964,yes
OBS0287,7,https://doi.org/10.1080/15476286.2021.1940047,Dataset7.7,7.7,real,Real,,TopHat-Fusion,TopHat-Fusion,TopHat-Fusion,,15.048,24.552,39.6,99.0,0.152,0.38,0.2171428571428571,,83.952,0.38,0.152,0.21714285714285714,,,,50,21500000.0,True,True,True,Benchmarki_Agnieszka.xlsx,"Sensitivity, Precision",independent_comparison,no,83.952,yes
OBS0288,7,https://doi.org/10.1080/15476286.2021.1940047,Dataset7.7,7.7,real,Real,,INTEGRATE,INTEGRATE,INTEGRATE,,26.037000000000003,24.03415384615385,50.07115384615385,99.0,0.263,0.52,0.349323116219668,,72.963,0.52,0.263,0.349323116219668,,,,50,21500000.0,True,True,True,Benchmarki_Agnieszka.xlsx,"Sensitivity, Precision",independent_comparison,no,72.963,yes
OBS0289,7,https://doi.org/10.1080/15476286.2021.1940047,Dataset7.7,7.7,real,Real,,ChimeRScope,ChimeRScope,ChimeRScope,,17.028,124.872,141.9,99.0,0.172,0.12,0.1413698630136986,,81.97200000000001,0.11999999999999998,0.172,0.1413698630136986,,,,50,21500000.0,True,True,True,Benchmarki_Agnieszka.xlsx,"Sensitivity, Precision",independent_comparison,no,81.97200000000001,yes
OBS0290,8,https://doi.org/10.1093/bioinformatics/btab249,Dataset8.1,8.1,simulated,Simulated,,MetaFusion.top_3,MetaFusion.top_3,MetaFusion,,1989.0,90.0,2079.0,2500.0,0.7959999999999999,0.957,0.8690000000000001,,511.0,0.9567099567099567,0.7956,0.8687486350731601,,,,50,30000000.0,True,True,False,Benchmarki_Agnieszka.xlsx,"Sensitivity, Precision",new_tool,"yes, MetaFusion",511.0,no
OBS0291,8,https://doi.org/10.1093/bioinformatics/btab249,Dataset8.1,8.1,simulated,Simulated,,MetaFusion,MetaFusion,MetaFusion,,2091.0,164.0,2255.0,2500.0,0.836,0.927,0.879,,409.0,0.9272727272727272,0.8364,0.8794952681388013,,,,50,30000000.0,True,True,False,Benchmarki_Agnieszka.xlsx,"Sensitivity, Precision",new_tool,"yes, MetaFusion",409.0,no
OBS0292,8,https://doi.org/10.1093/bioinformatics/btab249,Dataset8.1,8.1,simulated,Simulated,,Arriba,Arriba,Arriba,,2104.0,273.0,2377.0,2500.0,0.8420000000000001,0.885,0.863,,396.0,0.8851493479175431,0.8416,0.8628255074841091,,,,50,30000000.0,True,True,False,Benchmarki_Agnieszka.xlsx,"Sensitivity, Precision",new_tool,"yes, MetaFusion",396.0,no
OBS0293,8,https://doi.org/10.1093/bioinformatics/btab249,Dataset8.1,8.1,simulated,Simulated,,STAR-Fusion,STAR-Fusion,STAR-Fusion,,1929.0,117.0,2046.0,2500.0,0.772,0.943,0.8490000000000001,,571.0,0.9428152492668622,0.7716,0.8486581610206776,,,,50,30000000.0,True,True,False,Benchmarki_Agnieszka.xlsx,"Sensitivity, Precision",new_tool,"yes, MetaFusion",571.0,no
OBS0294,8,https://doi.org/10.1093/bioinformatics/btab249,Dataset8.1,8.1,simulated,Simulated,,STAR-SEQR,STAR-SEQR,STAR-SEQR,,1953.0,306.0,2259.0,2500.0,0.7809999999999999,0.865,0.821,,547.0,0.8645418326693227,0.7812,0.8207606640050431,,,,50,30000000.0,True,True,False,Benchmarki_Agnieszka.xlsx,"Sensitivity, Precision",new_tool,"yes, MetaFusion",547.0,no
OBS0295,8,https://doi.org/10.1093/bioinformatics/btab249,Dataset8.1,8.1,simulated,Simulated,,deFuse,deFuse,deFuse,,1910.0,179.0,2089.0,2500.0,0.764,0.914,0.8320000000000001,,590.0,0.9143130684538057,0.764,0.8324253650032687,,,,50,30000000.0,True,True,False,Benchmarki_Agnieszka.xlsx,"Sensitivity, Precision",new_tool,"yes, MetaFusion",590.0,no
OBS0296,8,https://doi.org/10.1093/bioinformatics/btab249,Dataset8.1,8.1,simulated,Simulated,,EricScript,EricScript,EricScript,,1408.0,68.0,1476.0,2500.0,0.563,0.954,0.708,,1092.0,0.9539295392953929,0.5632,0.7082494969818914,,,,50,30000000.0,True,True,False,Benchmarki_Agnieszka.xlsx,"Sensitivity, Precision",new_tool,"yes, MetaFusion",1092.0,no
OBS0297,8,https://doi.org/10.1093/bioinformatics/btab249,Dataset8.1,8.1,simulated,Simulated,,INTEGRATE,INTEGRATE,INTEGRATE,,1727.0,325.0,2052.0,2500.0,0.691,0.8420000000000001,0.759,,773.0,0.8416179337231969,0.6908,0.7587873462214411,,,,50,30000000.0,True,True,False,Benchmarki_Agnieszka.xlsx,"Sensitivity, Precision",new_tool,"yes, MetaFusion",773.0,no
OBS0298,8,https://doi.org/10.1093/bioinformatics/btab249,Dataset8.1,8.1,simulated,Simulated,,FusionMap,FusionMap,FusionMap,,1500.0,122.0,1622.0,2500.0,0.6,0.925,0.728,,1000.0,0.9247842170160296,0.6,0.727802037845706,,,,50,30000000.0,True,True,False,Benchmarki_Agnieszka.xlsx,"Sensitivity, Precision",new_tool,"yes, MetaFusion",1000.0,no
OBS0299,8,https://doi.org/10.1093/bioinformatics/btab249,Dataset8.2,8.2,simulated,Simulated,run 4,MetaFusion.top_3,MetaFusion.top_3,MetaFusion,,2333.0,86.0,2419.0,2500.0,0.933,0.964,0.948,,167.0,0.9644481190574618,0.9332,0.9485667818662329,,,,100,30000000.0,True,True,False,Benchmarki_Agnieszka.xlsx,"Sensitivity, Precision",new_tool,"yes, MetaFusion",167.0,no
OBS0300,8,https://doi.org/10.1093/bioinformatics/btab249,Dataset8.2,8.2,simulated,Simulated,,MetaFusion,MetaFusion,MetaFusion,,2389.0,147.0,2536.0,2500.0,0.956,0.942,0.949,,111.0,0.9420347003154574,0.9556,0.9487688641779191,,,,100,30000000.0,True,True,False,Benchmarki_Agnieszka.xlsx,"Sensitivity, Precision",new_tool,"yes, MetaFusion",111.0,no
OBS0301,8,https://doi.org/10.1093/bioinformatics/btab249,Dataset8.2,8.2,simulated,Simulated,,Arriba,Arriba,Arriba,,2304.0,260.0,2564.0,2500.0,0.922,0.899,0.91,,196.0,0.8985959438377535,0.9216,0.909952606635071,,,,100,30000000.0,True,True,False,Benchmarki_Agnieszka.xlsx,"Sensitivity, Precision",new_tool,"yes, MetaFusion",196.0,no
OBS0302,8,https://doi.org/10.1093/bioinformatics/btab249,Dataset8.2,8.2,simulated,Simulated,,STAR-Fusion,STAR-Fusion,STAR-Fusion,,2250.0,170.0,2420.0,2500.0,0.9,0.93,0.915,,250.0,0.9297520661157025,0.9,0.9146341463414634,,,,100,30000000.0,True,True,False,Benchmarki_Agnieszka.xlsx,"Sensitivity, Precision",new_tool,"yes, MetaFusion",250.0,no
OBS0303,8,https://doi.org/10.1093/bioinformatics/btab249,Dataset8.2,8.2,simulated,Simulated,,STAR-SEQR,STAR-SEQR,STAR-SEQR,,2337.0,306.0,2643.0,2500.0,0.935,0.884,0.909,,163.0,0.8842224744608399,0.9348,0.9088080886642038,,,,100,30000000.0,True,True,False,Benchmarki_Agnieszka.xlsx,"Sensitivity, Precision",new_tool,"yes, MetaFusion",163.0,no
OBS0304,8,https://doi.org/10.1093/bioinformatics/btab249,Dataset8.2,8.2,simulated,Simulated,,deFuse,deFuse,deFuse,,2191.0,312.0,2503.0,2500.0,0.8759999999999999,0.875,0.875,,309.0,0.875349580503396,0.8764,0.8758744753148111,,,,100,30000000.0,True,True,False,Benchmarki_Agnieszka.xlsx,"Sensitivity, Precision",new_tool,"yes, MetaFusion",309.0,no
OBS0305,8,https://doi.org/10.1093/bioinformatics/btab249,Dataset8.2,8.2,simulated,Simulated,,EricScript,EricScript,EricScript,,1722.0,445.0,2167.0,2500.0,0.6890000000000001,0.795,0.738,,778.0,0.7946469773880941,0.6888,0.7379472894793229,,,,100,30000000.0,True,True,False,Benchmarki_Agnieszka.xlsx,"Sensitivity, Precision",new_tool,"yes, MetaFusion",778.0,no
OBS0306,8,https://doi.org/10.1093/bioinformatics/btab249,Dataset8.2,8.2,simulated,Simulated,,INTEGRATE,INTEGRATE,INTEGRATE,,1708.0,369.0,2077.0,2500.0,0.6829999999999999,0.8220000000000001,0.746,,792.0,0.8223399133365431,0.6832,0.7463403976403759,,,,100,30000000.0,True,True,False,Benchmarki_Agnieszka.xlsx,"Sensitivity, Precision",new_tool,"yes, MetaFusion",792.0,no
OBS0307,8,https://doi.org/10.1093/bioinformatics/btab249,Dataset8.2,8.2,simulated,Simulated,,FusionMap,FusionMap,FusionMap,,1986.0,81.0,2067.0,2500.0,0.794,0.961,0.87,,514.0,0.9608127721335269,0.7944,0.8697175388657762,,,,100,30000000.0,True,True,False,Benchmarki_Agnieszka.xlsx,"Sensitivity, Precision",new_tool,"yes, MetaFusion",514.0,no
OBS0308,8,https://doi.org/10.1093/bioinformatics/btab249,Dataset8.6,8.6,simulated,Simulated,run 2 tylko sim45,MetaFusion.top_3,MetaFusion.top_3,MetaFusion,,56.0,3.0,59.0,61.0,0.918,0.949,0.933,,5.0,0.9491525423728814,0.9180327868852459,0.9333333333333333,,,,100,65000000.0,True,True,False,Benchmarki_Agnieszka.xlsx,"Sensitivity, Precision",new_tool,"yes, MetaFusion",5.0,no
OBS0309,8,https://doi.org/10.1093/bioinformatics/btab249,Dataset8.6,8.6,simulated,Simulated,,MetaFusion,MetaFusion,MetaFusion,,57.0,12.0,69.0,61.0,0.934,0.826,0.877,,4.0,0.8260869565217391,0.9344262295081968,0.8769230769230769,,,,100,65000000.0,True,True,False,Benchmarki_Agnieszka.xlsx,"Sensitivity, Precision",new_tool,"yes, MetaFusion",4.0,no
OBS0310,8,https://doi.org/10.1093/bioinformatics/btab249,Dataset8.6,8.6,simulated,Simulated,,Arriba,Arriba,Arriba,,56.0,17.0,73.0,61.0,0.918,0.767,0.836,,5.0,0.7671232876712328,0.9180327868852459,0.8358208955223879,,,,100,65000000.0,True,True,False,Benchmarki_Agnieszka.xlsx,"Sensitivity, Precision",new_tool,"yes, MetaFusion",5.0,no
OBS0311,8,https://doi.org/10.1093/bioinformatics/btab249,Dataset8.6,8.6,simulated,Simulated,,STAR-Fusion,STAR-Fusion,STAR-Fusion,,50.0,11.0,61.0,61.0,0.82,0.82,0.82,,11.0,0.819672131147541,0.819672131147541,0.819672131147541,,,,100,65000000.0,True,True,False,Benchmarki_Agnieszka.xlsx,"Sensitivity, Precision",new_tool,"yes, MetaFusion",11.0,no
OBS0312,8,https://doi.org/10.1093/bioinformatics/btab249,Dataset8.6,8.6,simulated,Simulated,,STAR-SEQR,STAR-SEQR,STAR-SEQR,,57.0,33.0,90.0,61.0,0.934,0.633,0.755,,4.0,0.6333333333333333,0.9344262295081968,0.7549668874172185,,,,100,65000000.0,True,True,False,Benchmarki_Agnieszka.xlsx,"Sensitivity, Precision",new_tool,"yes, MetaFusion",4.0,no
OBS0313,8,https://doi.org/10.1093/bioinformatics/btab249,Dataset8.6,8.6,simulated,Simulated,,deFuse,deFuse,deFuse,,51.0,231.0,282.0,61.0,0.836,0.181,0.298,,10.0,0.18085106382978725,0.8360655737704918,0.29737609329446063,,,,100,65000000.0,True,True,False,Benchmarki_Agnieszka.xlsx,"Sensitivity, Precision",new_tool,"yes, MetaFusion",10.0,no
OBS0314,8,https://doi.org/10.1093/bioinformatics/btab249,Dataset8.6,8.6,simulated,Simulated,,EricScript,EricScript,EricScript,,40.0,262.0,302.0,61.0,0.6559999999999999,0.132,0.22,,21.0,0.13245033112582782,0.6557377049180327,0.22038567493112948,,,,100,65000000.0,True,True,False,Benchmarki_Agnieszka.xlsx,"Sensitivity, Precision",new_tool,"yes, MetaFusion",21.0,no
OBS0315,8,https://doi.org/10.1093/bioinformatics/btab249,Dataset8.6,8.6,simulated,Simulated,,INTEGRATE,INTEGRATE,INTEGRATE,,45.0,186.0,231.0,61.0,0.738,0.195,0.308,,16.0,0.19480519480519481,0.7377049180327869,0.3082191780821918,,,,100,65000000.0,True,True,False,Benchmarki_Agnieszka.xlsx,"Sensitivity, Precision",new_tool,"yes, MetaFusion",16.0,no
OBS0316,8,https://doi.org/10.1093/bioinformatics/btab249,Dataset8.6,8.6,simulated,Simulated,,FusionMap,FusionMap,FusionMap,,42.0,12.0,54.0,61.0,0.6890000000000001,0.778,0.731,,19.0,0.7777777777777778,0.6885245901639344,0.7304347826086957,,,,100,65000000.0,True,True,False,Benchmarki_Agnieszka.xlsx,"Sensitivity, Precision",new_tool,"yes, MetaFusion",19.0,no
